gameID,gameResult,GameType,gameTime_string,GameLength,kill,Death,Assist,KDARatio,Badge1,Badge2,champion,Tier_Average,Control_Ward,teammate_champion0,teammate_id0,teammate_champion1,teammate_id1,teammate_champion2,teammate_id2,teammate_champion3,teammate_id3,teammate_champion4,teammate_id4,enermy_champion0,enermy_id0,enermy_champion1,enermy_id1,enermy_champion2,enermy_id2,enermy_champion3,enermy_id3,enermy_champion4,enermy_id4
5469177515,lose,Ranked Solo,2021-09-22 20:10:08,16m 9s,3,9,2,0.56:1,empty,empty,Zed,Master,empty,Renekton,Gen G Rascal,Xin Zhao,1116660911,Sylas,load L92k8UEM6QZ,Draven,화생방드장,Lux,szpt,Rakan,DangerousBoy ady,Zed,River9,Zoe,langmanbusi,Lucian,dy9j57z77q,Yuumi,easy on me 
5429618607,win,ARAM,2021-09-02 20:31:39,21m 20s,10,9,24,3.78:1,Double Kill,empty,Annie,empty,empty,Tahm Kench,Icelandwinter,Camille,소중히해줘,Ashe,미 림,Lux,써니눈아,Annie,River9,Caitlyn,예쁜민서,Zed,Moline,Gangplank,손유석,Gragas,Captain Gd,Aatrox,혜지요졍
5429541575,lose,ARAM,2021-09-02 19:40:00,25m 44s,7,14,26,2.36:1,empty,empty,Varus,empty,empty,Gangplank,Icelandwinter,Ezreal,Catty,Twisted Fate,다 은,Varus,River9,Ekko,hiyh,Twitch,맛있는꼬막,Xerath,칼진남,Diana,라라를를,Sett,베르꼬즈,Illaoi,또 벌레껴있네
5429357231,lose,ARAM,2021-09-02 17:23:35,16m 1s,7,9,23,3.33:1,Double Kill,empty,Xayah,empty,empty,Katarina,Icelandwinter,Xayah,River9,Xerath,고단하구나방원아,Ziggs,2795970217322016,Cho'Gath,VexXxXxXxXxXxXxX,Rengar,ku2086ku,Thresh,양산변태남,Soraka,채팅차단뉴비,Nidalee,greas,Sivir,nuyhag
5428436227,lose,ARAM,2021-09-02 00:02:26,19m 55s,10,14,13,1.64:1,Double Kill,empty,Ekko,empty,empty,Pantheon,뇌가나르,Malphite,외로운 거리,Orianna,Do not bother me,Xayah,MC김상중,Syndra,칼바람 벡스,Gwen,Azhy,Ekko,River9,LeBlanc,스눈아,Sion,woshijty,Poppy,douyu5306305
5428317416,lose,ARAM,2021-09-01 23:15:07,23m 31s,17,9,20,4.11:1,Triple Kill,empty,Kog'Maw,empty,empty,Nocturne,둑방길이다,Zyra,트롤아니거든요,Sett,우리팀매우잘함,Tristana,He is a legend,Kayn,패배하면한판더,Nunu & Willump,Icelandwinter,Vayne,Catty,Kog'Maw,River9,Brand,솜냐아아아앙,Bard,2789477694604320
5428322626,lose,ARAM,2021-09-01 22:49:08,21m 17s,11,6,21,5.33:1,empty,empty,Ziggs,empty,empty,Blitzcrank,Icelandwinter,Varus,Catty,Ziggs,River9,LeBlanc,솜냐아아아앙,Ryze,2789477694604320,Malzahar,홍바우,Ahri,욕은그만,Veigar,협곡의선도부장,Akshan,천 유 리,Nidalee,2785844553107232
5428228309,win,ARAM,2021-09-01 22:20:24,14m 52s,16,10,20,3.60:1,Double Kill,empty,Katarina,empty,empty,Sett,Icelandwinter,Soraka,Catty,Zoe,솜냥아,Katarina,River9,Ashe,2789477694604320,Graves,Zeta function,Garen,파고드는남자,Skarner,주사위없음,Twisted Fate,아름다운날입니다,Lulu,맘스타치빨대도둑
5409323289,win,ARAM,2021-08-23 02:44:20,16m 4s,9,7,26,5.00:1,Double Kill,empty,Ryze,empty,empty,Nami,흑 새,Karthus,캐나다산미치광이,Yasuo,곰탱이poo,Vel'Koz,재이님,Lee Sin,엉덩이만지기장인,Jinx,Jpop,Miss Fortune,1122334456,Ryze,River9,Ahri,하루세번버블티,Sett,은 길
5409321635,win,ARAM,2021-08-23 02:25:33,19m 57s,6,6,19,4.17:1,empty,empty,Viktor,empty,empty,Syndra,흑 새,Pantheon,캐나다산미치광이,Ezreal,김콩순,Caitlyn,재베리안 혁스키,Urgot,엉덩이만지기장인,Diana,Jpop,Seraphine,1122334456,Viktor,River9,Janna,하루세번버블티,Rengar,은 길
5409259915,lose,ARAM,2021-08-23 02:02:53,12m 10s,3,8,7,1.25:1,empty,empty,Samira,empty,empty,Morgana,별 동,Talon,Jpop,Jarvan IV,1122334456,Samira,River9,Kassadin,은 길,Ezreal,광대공,Syndra,앤티크,Teemo,미노좌,Kennen,전부다줄게,Jayce,Howling Abyssus
5403444581,win,Ranked Solo,2021-08-20 18:31:04,23m 57s,10,3,14,8.00:1,MVP,empty,Nidalee,Grandmaster,empty,Renekton,tan hua yi xian,Sejuani,나는변신할것이다,Camille,YaoBuKeJiDeNi,Ziggs,viper3,Trundle,DFM GAENG,Jax,1Conor McGregor2,Nidalee,River9,Talon,시간의 숲,Aphelios,T1 Gumayusi,Thresh,참새크면비둘기
5386802462,lose,Ranked Solo,2021-08-12 17:28:26,15m 28s,1,6,1,0.33:1,empty,empty,Volibear,Grandmaster,empty,Lee Sin,doleimepa,Volibear,River9,Sylas,bu shi ben ren,Aphelios,eat fan,Sona,manmanO,Fiora,no talk game,Taric,DangerousBoy ady,Ryze,FA Azhi,Tristana,Mung,Rakan,질려고게임함
5382495219,lose,Ranked Solo,2021-08-10 17:29:32,21m 57s,3,6,2,0.83:1,empty,empty,Diana,Challenger,empty,Sett,xu hao long,Nidalee,나는변신할것이다,Renekton,zhong men dui ju,Ziggs,xiaguang,Blitzcrank,0008000,Irelia,Big story,Diana,River9,Lissandra,SPG BaeKHo,Kai'Sa,항상배고픈코그모,Leona,전서방 닭갈비
5375703998,lose,Ranked Solo,2021-08-07 15:41:26,24m 31s,12,6,3,2.50:1,Double Kill,ACE,Kindred,Grandmaster,empty,Tahm Kench,huntiandi1,Kindred,River9,LeBlanc,Sutkressuree,Aphelios,이기고오쉽당,Karma,카사돌,Lee Sin,T1 Zeus,Kayn,Juhana,Orianna,왕 흠,Tristana,wyzyz,Trundle, 엘 림
5375675695,lose,Ranked Solo,2021-08-07 14:59:18,21m 57s,2,4,3,1.25:1,empty,empty,Jhin,Challenger,empty,Tahm Kench,huntiandi1,Xin Zhao,laozishifanpai,Viktor,왕 흠,Jhin,River9,Leona,Let me sup,Irelia,Jzzcjmzh,Diana,naiyoubaby,Lucian,tulufan,Varus,이기고오쉽당,Blitzcrank,concesslon
5374839594,lose,Ranked Solo,2021-08-07 03:12:15,21m 41s,2,5,6,1.60:1,empty,empty,Karma,Challenger,empty,Tahm Kench,Yorick,Viego,Cuzzzzzzz,Ekko,우울 한 시간,Aphelios,viper3,Karma,River9,Camille,Liiv OnFleek,Lee Sin,xhr,Yasuo,Gen G Quid,Ziggs,kcvawsreiuyopdgz,Rakan,밤몽길
5374915024,lose,Ranked Solo,2021-08-07 02:41:47,24m 43s,2,10,3,0.50:1,ACE,empty,Diana,Grandmaster,empty,Jayce,im1v5,Viego,axczsdasd,Zoe,담원 기아 경이 ,Samira,cxzqweasd,Rell,KT Way,Yorick,Yorick,Diana,River9,Talon,에 넥,Aphelios,Gen G Lonely,Braum,LuLu Umi Nami
5374851113,lose,Ranked Solo,2021-08-07 02:10:59,30m 33s,7,11,15,2.00:1,empty,empty,Rumble,Grandmaster,empty,Viego,Shirakami Fubuk1,Rumble,River9,Irelia,Crulser,Aphelios,폭탄치우기,Thresh,krole,Yone,Turned to leave,Xin Zhao,1116660911,Camille,넘어진 심슨,Varus,pingwozhijiedian,Leona,고등학생
5373998454,win,Ranked Solo,2021-08-06 19:20:45,22m 55s,8,4,7,3.75:1,Double Kill,empty,Rumble,Grandmaster,empty,Fiora,doleimepa,Volibear,1116660911,Taliyah,AF BuLLDoG,Aphelios,UPzhao641950117,Lulu,fuzhu carry,Lee Sin,nodfan,Rumble,River9,Sylas,몽키 D 짱구,Ashe,bao1,Leona,교잘도
5372539950,lose,Ranked Solo,2021-08-05 22:56:49,26m 15s,7,2,2,4.50:1,Triple Kill,ACE,Lee Sin,Challenger,empty,Yorick,Yorick,Lee Sin,River9,Twisted Fate,GGGori,Rengar,먼지 한 알,Pantheon,호잇이,Jayce,gyuvee,Diana,byz,Galio,권 지 인,Draven,SPG BaeKHo,Rell,FTC
5372452290,lose,Ranked Solo,2021-08-05 22:13:37,25m 49s,7,7,5,1.71:1,Double Kill,ACE,Viego,Challenger,empty,Kennen,Yorick,Xin Zhao,Liiv OnFleek,Pantheon,xhr,Ezreal,Gen G Peyz,Yuumi,Dan mu he ton,Jayce,늘 완벽하고싶다,Viego,River9,Sylas,쭌 베,Ziggs,먼지 한 알,Sona,YaoBuKeJiDeNi
5371968188,lose,Ranked Solo,2021-08-05 20:07:55,30m 28s,8,4,8,4.00:1,empty,empty,Lee Sin,Challenger,empty,Gragas,supi,Lee Sin,River9,Malphite,전상득,Ezreal,2017 07 12 ,Karma,먼 여행을 떠나,Lucian,쭌 베,Nidalee, 엘 림,Jax,douy crymao,Kalista,jkjkjkjkk,Rakan,manmanO
5371751022,win,ARAM,2021-08-05 16:42:47,23m 38s,9,7,30,5.57:1,Double Kill,empty,Ziggs,empty,empty,Jarvan IV,유비장비광우,Ashe,왕다임,Lux,츄릅아삭 사과,Ziggs,River9,Wukong,DjMAX 염라 SC,Lucian,아스샴,Thresh,봉숭아물,Gwen,욕안하는착한어른,Malphite,흠함흠,Brand,왔다봉봉
5371631788,win,Ranked Solo,2021-08-05 15:38:14,22m 55s,6,4,8,3.50:1,Double Kill,empty,Diana,Challenger,empty,Camille,Trisak,Rumble,a little story,Syndra,gasagao,Aphelios,갱붕이,Bard,Let me sup,Irelia,늘 완벽하고싶다,Diana,River9,Lucian,K T,Jhin,Lpc11,Sona,YaoBuKeJiDeNi
5370916084,win,Ranked Solo,2021-08-05 01:32:08,20m 8s,9,1,12,21.00:1,Double Kill,empty,Lee Sin,Challenger,empty,Jayce,Trisak,Lee Sin,River9,Zoe,7777케이,Varus,UPzhao641950117,Braum,전서방 닭갈비,Wukong,im1v5,Diana,1116660911,Talon,에 넥,Aphelios,jkjkjkjkk,Thresh,참새크면비둘기
5370920822,win,Ranked Solo,2021-08-05 01:05:06,23m 35s,7,3,7,4.67:1,Double Kill,MVP,Lee Sin,Challenger,empty,Jayce,Gen G Quid,Diana,Gen G Clid,Talon,에 넥,Ziggs,jkjkjkjkk,Leona,manmanO,Yorick,Yorick,Lee Sin,River9,Ekko,우울 한 시간,Aphelios,참 몬났다,Tahm Kench,zzzusss
5370715434,lose,Ranked Solo,2021-08-05 00:31:26,22m 33s,2,3,3,1.67:1,empty,empty,Nidalee,Grandmaster,empty,Kennen,Yorick,Diana,나는변신할것이다,Talon,에 넥,Yasuo,viper3,Alistar,DuDu11,Lee Sin,우제우스,Nidalee,River9,Galio,7777케이,Ezreal,Gen G Ruler,Tahm Kench,XIAN IG
5370557271,win,Ranked Solo,2021-08-04 23:33:04,15m 25s,7,1,4,11.00:1,Double Kill,empty,Olaf,Grandmaster,empty,Tahm Kench,워웍뿌삐,Olaf,River9,LeBlanc,Sutkressuree,Varus,릴러말즈 야망01,Karma,곽곽보성,Vayne,im1v5,Nocturne,laozishifanpai,Lissandra,7777케이,Aphelios,이기고오쉽당,Thresh,FTC
5370023239,lose,Ranked Solo,2021-08-04 18:31:02,20m 14s,3,5,4,1.40:1,empty,empty,Viego,Challenger,empty,Irelia,01 t0p,Xin Zhao,IndifferenToT,Corki,gasagao,Jinx,누쇤퍅,Rakan,Let me sup,Aphelios,kcvawsreiuyopdgz,Viego,River9,Karma,진짜 졸라 빡치네,Mordekaiser,FA Azhi,Rell,FTC
5369337922,win,Ranked Solo,2021-08-04 14:35:08,28m 57s,14,3,8,7.33:1,Quadra Kill,empty,Nidalee,Challenger,empty,Mordekaiser,FA Azhi,Nidalee,River9,Tryndamere,갱붕이,Ezreal,SPG BaeKHo,Trundle,Nierland,Irelia,FA Decky,Xin Zhao,Liiv OnFleek,Sylas,LSB Winter,Aphelios,jkjkjkjkk,Galio,전상득
5369354934,lose,Ranked Solo,2021-08-04 14:00:46,15m 56s,0,6,3,0.50:1,empty,empty,Diana,Grandmaster,empty,Camille,FA Decky,Diana,River9,Yone,K T,Varus,지루한 날들,Rakan,shuzu1,Poppy,칼과 창 방패,Nidalee,Cuzzzzzzz,Viego,Gen G Rascal,Aphelios,jkjkjkjkk,Leona,LSB Utility
5368987212,win,Ranked Solo,2021-08-04 02:33:36,15m 24s,6,1,0,6.00:1,empty,empty,Diana,Challenger,empty,Renekton,asdasdsdfv,Diana,River9,Gnar,용호야,Aphelios,참 몬났다,Braum,밤몽길,Vayne,Gon123,Lee Sin,번뜩이는 플레이,Ryze,따봉 람머스,Varus,viper3,Leona,ON12
5368990745,lose,Ranked Solo,2021-08-04 01:52:21,31m 58s,14,4,7,5.25:1,Double Kill,ACE,Kindred,Challenger,empty,Irelia,미소의눈동자,Nidalee,a little story,Ryze,jkjkjkjkk,Ezreal,shenzhenshaoye,Leona,호잇이,Wukong,Burdoll,Kindred,River9,Galio,참 몬났다,Varus,373737373737,Thresh,아이러니zz
5368895929,win,Ranked Solo,2021-08-04 01:15:33,30m 6s,6,4,11,4.25:1,empty,empty,Viego,Grandmaster,empty,Lucian,A2ST,Viego,River9,LeBlanc,7777케이,Samira,Croquette,Rell,FTC,Cassiopeia,사막낙타,Lee Sin,N0T Angry,Lissandra,BRO Yaharong,Ziggs,김밥오이빼고,Rakan,Honpi
5368851139,lose,Ranked Solo,2021-08-04 00:36:03,24m 32s,3,8,7,1.25:1,ACE,empty,Lee Sin,Grandmaster,empty,Lillia,FA Azhi,Viego,푹 쉬면서 해요 ,Ryze,BRO Yaharong,Jhin,김밥오이빼고,Braum,Av0cadoda,Jayce,DjMAX 염라 SC,Lee Sin,River9,Azir,미북이,Varus,KT R ADC,Alistar,irasu1
5368735367,lose,Ranked Solo,2021-08-04 00:00:49,20m 10s,2,5,8,2.00:1,empty,empty,Nidalee,Challenger,empty,Irelia,늘 완벽하고싶다,Nidalee,River9,Talon,전상득,Jhin,SPG BaeKHo,Nautilus,q7mm,Tahm Kench,남궁성관,Nocturne,Cliffteezy,Sylas,나는 준일하다,Draven,나는변신할것이다,Thresh,점수나락감
5367749968,win,Ranked Solo,2021-08-03 18:13:08,24m 4s,16,1,5,21.00:1,Triple Kill,MVP,Nidalee,Grandmaster,empty,Renekton,멍청한 게임,Nidalee,River9,Jayce,BRO Yaharong,Aphelios,Gen G Peyz,Rell,전서방 닭갈비,Tahm Kench,용호야,Viego,포식자,Syndra,단군의청춘부재,Kai'Sa,호잇이,Alistar,KT Harp
5367570626,lose,Ranked Solo,2021-08-03 14:51:35,15m 13s,4,8,3,0.88:1,Double Kill,empty,Xin Zhao,Challenger,empty,Camille,01 t0p,Lee Sin,먼 여행을 떠나,Sylas,GGGori,Cassiopeia,SPG BaeKHo,Thresh,한 줄의 기억,Fiora,no talk game,Xin Zhao,River9,Syndra,HashtagWin,Ashe,이기고오쉽당,Sett,DuDu11
5367485176,lose,Ranked Solo,2021-08-03 14:23:48,23m 41s,2,5,3,1.00:1,empty,empty,Ziggs,Grandmaster,empty,Irelia,Gen G Rascal,Nidalee,woshifeji,LeBlanc,양념형,Kog'Maw,K T,Leona,BRO Delight,Jax,고생했다 이현666,Rumble,lIllililililII,Qiyana,YueGuangZhiXia,Ziggs,River9,Bard,GAM NRG
5363677698,lose,Ranked Solo,2021-08-01 18:53:06,21m 6s,6,6,7,2.17:1,ACE,empty,Lee Sin,Grandmaster,empty,Sett,i am Decade,Kindred,naiyoubaby,LeBlanc,yzxcv,Ezreal,Fatty,Lulu,YaoBuKeJiDeNi,Kennen,01 t0p,Lee Sin,River9,Twisted Fate,Zhuanxinzhizhi,Tristana,Gen G Ruler,Trundle,Let me sup
5363710630,win,Ranked Solo,2021-08-01 18:21:54,25m 5s,8,4,10,4.50:1,Double Kill,empty,Diana,Grandmaster,empty,Sett,i am Decade,Diana,River9,Azir,미북이,Aphelios,OOO0OOO0OO,Rakan,Honpi,Aatrox,01 t0p,Lee Sin,먼 여행을 떠나,Orianna,구체맛좀볼래,Ziggs,Gen G Clid,Trundle,Let me sup
5363109478,win,Ranked Solo,2021-08-01 14:59:35,26m 7s,12,3,12,8.00:1,empty,empty,Nidalee,Grandmaster,empty,Renekton,Gen G Lonely,Nidalee,River9,Ryze,Gen G Ophelia,Jhin,SPOONKING,Rakan,Let me sup,Gnar,19yearr,Taliyah,woshifeji,Lucian,Keinee,Aphelios,Gen G Envy,Alistar,Dan mu he ton
5362553622,win,Ranked Solo,2021-08-01 02:27:09,25m 58s,7,5,7,2.80:1,empty,empty,Viego,Challenger,empty,Tryndamere,FA Decky,Nidalee,a little story,Kled,Cliffteezy,Ziggs,skwhadlrlffo,Trundle,Nierland,Jayce,Zxkkwhy,Viego,River9,Aphelios,아이린,Sylas,GGGori,Thresh,zxckas0dk
5362347603,win,Ranked Solo,2021-08-01 01:50:55,27m 44s,5,2,8,6.50:1,empty,empty,Lee Sin,Grandmaster,empty,Volibear,BRO LukaLux,Rumble,Next child,Lucian,godlllllub,Ezreal,El Matador 7 9,Karma,LuLu Umi Nami,Jayce,Big story,Lee Sin,River9,Viktor,GGGori,Kalista,UPzhao641950117,Nautilus,KT Harp
5361516865,win,Ranked Solo,2021-07-31 19:31:30,17m 30s,9,2,7,8.00:1,Double Kill,empty,Diana,Challenger,empty,Lee Sin,Gen G Peyz,Diana,River9,Talon,전상득,Kog'Maw,UPzhao641950117,Lulu,KT Way,Sylas,Next child,Kindred,JustLikeThatKR,Jax,Liiv OnFleek,Aphelios,kcvawsreiuyopdgz,Thresh,Destiny
5361590003,lose,Ranked Solo,2021-07-31 19:01:16,21m 16s,3,6,5,1.33:1,Double Kill,empty,Trundle,Grandmaster,empty,Viego,im1v5,Trundle,River9,Syndra,KT R MID,Miss Fortune,kcvawsreiuyopdgz,Blitzcrank,concesslon,Fiora,doleimepa,Ekko,xhr,Malphite,전상득,Varus,튀자튀자아,Leona,포식자
5361454192,win,Ranked Solo,2021-07-31 18:21:55,16m 27s,6,2,8,7.00:1,empty,empty,Nidalee,Challenger,empty,Sylas,Gen G Ruler,Ekko,디킨스이,Lucian,DK Chasy,Ezreal,kcvawsreiuyopdgz,Thresh,Seize the day11,Fiora,doleimepa,Nidalee,River9,Talon,전상득,Aphelios,UPzhao641950117,Xerath,참새크면비둘기
5361348570,lose,Ranked Solo,2021-07-31 17:51:01,15m 12s,3,5,1,0.80:1,empty,empty,Rumble,Challenger,empty,Tahm Kench,four year,Rumble,River9,Talon,전상득,Kalista,UPzhao641950117,Trundle,12848923,Renekton,GGGori,Nidalee,Gen G Winner,Lee Sin,im1v5,Vayne,happy   game ,Alistar,Seize the day11
5361300247,win,Ranked Solo,2021-07-31 17:25:50,34m 37s,14,8,12,3.25:1,Double Kill,empty,Diana,Grandmaster,empty,Camille,우제우스,Diana,River9,Lucian,tulufan,Ziggs,대포내꺼 퉤퉤,Trundle,Nierland,Sett,GGGori,Lee Sin,Gen G Winner,Viktor,왕 흠,Ashe,Shadow2002,Xerath,참새크면비둘기
5358800628,win,Ranked Solo,2021-07-30 16:51:07,29m 5s,8,7,17,3.57:1,Double Kill,empty,Trundle,Grandmaster,empty,Viego,im1v5,Trundle,River9,Ryze,Gen G Karis,Karma,Gen G Rascal,Senna,Clever9,Fiora,bie tai kuang,Lee Sin,부산여행 떠나기,Malzahar,Gen G Ophelia,Kalista,rekresreb,Tahm Kench,Let me sup
5354814829,lose,Ranked Solo,2021-07-28 18:29:00,16m 30s,2,4,3,1.25:1,empty,empty,Trundle,Challenger,empty,Lucian,DK Chasy,Shyvana,a little story,Katarina,Emilia tan,Kalista,BRO Hena,Trundle,River9,Jax,FA Decky,Nidalee,포식자,Sylas,Jh2nhj2rjoh,Jhin,Zhuanxinzhizhi,Zilean,참새크면비둘기
5354880270,lose,Ranked Solo,2021-07-28 17:59:41,18m 34s,3,9,5,0.89:1,empty,empty,Taliyah,Challenger,empty,Lucian,Jh2nhj2rjoh,Taliyah,River9,Jayce,FA Decky,Ashe,gyuvee,Leona,유경완짜증나,Irelia,T1 Zeus,Nidalee,a little story,Sett,2021seeyou,Jhin,Zhuanxinzhizhi,Karma,changguiiiiiiiii
5354725492,win,Ranked Solo,2021-07-28 17:30:16,24m 5s,12,2,4,8.00:1,Triple Kill,MVP,Lee Sin,Challenger,empty,Tahm Kench,BRO Hoya,Rumble,부산여행 떠나기,Irelia,2021seeyou,Jhin,Zhuanxinzhizhi,Trundle,BRO Delight,Kennen,5358123,Lee Sin,River9,LeBlanc,HashtagWin,Aphelios,AF Le5,Leona,유경완짜증나
5354464602,win,Ranked Solo,2021-07-28 13:57:00,25m 54s,18,2,14,16.00:1,Quadra Kill,MVP,Diana,Grandmaster,empty,Nasus,doleimepa,Diana,River9,Sett,DK Leaf,Kai'Sa,KT R ADC,Leona,질려고게임함,Jax,괴해신살권,Nidalee,Next child,Irelia,KT R MID,Aphelios,SPOONKING,Trundle,고등학생
5352847078,win,Ranked Solo,2021-07-27 19:02:36,16m 18s,7,0,3,Perfect,Double Kill,MVP,Diana,Challenger,empty,Tahm Kench,godlllllub,Lee Sin,Next child,Camille,용호야,Kog'Maw,AF Le5,Lulu,Destiny,Renekton,오동1,Diana,River9,Irelia,Zxkkwhy,Samira,naiyoubaby,Trundle,KT Harp
5352864871,lose,Ranked Solo,2021-07-27 18:35:13,3m 11s,0,1,0,0.00:1,empty,empty,Lee Sin,Grandmaster,empty,Akshan,은신 갈고리 부활,Graves,SPG Uni,Katarina,크림몬,Aphelios,디알엑스 태윤,Blitzcrank,concesslon,Sett,19yearr,Lee Sin,River9,Akali,풍식2,Caitlyn,OOO0OOO0OO,Thresh,교육잘받은도구
5352751280,lose,Ranked Solo,2021-07-27 18:25:14,26m 14s,5,7,8,1.86:1,empty,empty,Rumble,Challenger,empty,Riven,오동1,Rumble,River9,Sylas,파나경,Ezreal,xiaguang,Rakan,Honpi,Jax,douy crymao,Sejuani,Gen G Clid,Irelia,Gen G Burdol,Lucian,BRO Hena,Yuumi,Dan mu he ton
5352351486,lose,Ranked Solo,2021-07-27 15:09:43,30m 20s,1,5,6,1.40:1,empty,empty,Lee Sin,Challenger,empty,Irelia,Gen G Rascal,Rumble,Cuzzzzzzz,Sion,풍식2,Samira,42141321,Alistar,manmanO,Kennen,Liiv Howling,Lee Sin,River9,Zoe,lIIlIIIIIllIIII,Kalista,SPG BaeKHo,Gragas,한 줄의 기억
5352187082,lose,Ranked Solo,2021-07-27 14:25:20,25m 35s,9,7,3,1.71:1,Double Kill,ACE,Diana,Challenger,empty,Camille,Liiv Howling,Diana,River9,Akshan,godlllllub,Ezreal,skwhadlrlffo,Karma,jkjkjkjkk,Lucian,Sutkressuree,Rumble,Next child,Sett,jingdaijieshu,Ziggs,KT R ADC,Trundle,woshissm
5347430348,win,Ranked Solo,2021-07-25 03:22:32,26m 40s,13,2,7,10.00:1,Triple Kill,MVP,Lee Sin,Grandmaster,empty,Jayce,늘 완벽하고싶다,Viego,누구세요5,Rumble,lIIlIIIIIllIIII,Kai'Sa,El Matador 7 9,Rakan,곽곽보성,Sett,용호야,Lee Sin,River9,Sylas,zhong men dui ju,Ezreal,JUGKlNG,Alistar,sword god14
5347286507,lose,Ranked Solo,2021-07-25 02:48:31,24m 22s,3,7,8,1.57:1,empty,empty,Viego,Challenger,empty,Jayce,Yorick,Viego,River9,Sylas,zhong men dui ju,Ashe,deokdam,Sett,곽곽보성,Fiora,sword god14,Volibear,mnbvcxzs,Rumble,lIIlIIIIIllIIII,Samira,happy   game ,Rakan,szygszn
5347233212,win,Ranked Solo,2021-07-25 02:17:43,20m 2s,10,0,14,Perfect,empty,empty,Lee Sin,Challenger,empty,Cassiopeia,Yorick,Lee Sin,River9,Sylas,zhong men dui ju,Ezreal,아이린,Leona,한 줄의 기억,Jax,douy crymao,Volibear,Liiv OnFleek,Rumble,lIIlIIIIIllIIII,Samira,다죽을거야1,Gragas,곽곽보성
5347027469,lose,Ranked Solo,2021-07-25 01:50:44,25m 28s,2,3,4,2.00:1,empty,empty,Nidalee,Challenger,empty,Cassiopeia,Yorick,Graves,누구세요5,Katarina,Emilia tan,Kalista,BRO Hena,Taric,당신은게임을왜함,Gwen,Gen G Rascal,Nidalee,River9,Irelia,zhong men dui ju,Aphelios,Gen G Ruler,Alistar,DuDu11
5346175413,win,Ranked Solo,2021-07-24 19:29:39,25m 0s,18,5,9,5.40:1,Double Kill,empty,Diana,Challenger,empty,Mordekaiser,따봉 람머스,Rumble,날 건들지마날 ,Irelia,Keinee,Jhin,1116660911,Nautilus,Trisak,Lee Sin,용호야,Diana,River9,Renekton,JustLikeThatKR,Xayah,BRO Hena,Braum,asdasdsdfv
5345938257,win,Ranked Solo,2021-07-24 18:52:45,27m 3s,17,0,12,Perfect,Double Kill,MVP,Nidalee,Grandmaster,empty,Camille,zika1,Nidalee,River9,Lee Sin,쭌 베,Ziggs,rekresreb,Braum,zhong men dui ju,Akshan,은신 갈고리 부활,Ekko,JustLikeThatKR,Xerath,아이린,Sett,식혜커플존버 ,Nautilus,어딘가좀아픈사람
5341887209,win,Ranked Solo,2021-07-23 01:31:03,28m 10s,8,3,8,5.33:1,Double Kill,empty,Lee Sin,Grandmaster,empty,Camille,Liiv Howling,Lee Sin,River9,Ryze,디알엑스 쿼드,Aphelios,폭탄치우기,Alistar,q7mm,Jayce,KT PerfecT2,Diana,나는연주니양,Irelia,Big story,Varus,it calls echoes,Tahm Kench,nmttd
5340965851,win,Ranked Solo,2021-07-22 17:31:54,16m 3s,8,2,5,6.50:1,MVP,empty,Lee Sin,Grandmaster,empty,Camille,은신 갈고리 부활,Lee Sin,River9,Sylas,풍식2,Kindred,haoye1,Rell,Av0cadoda,Tahm Kench,파나경,Graves,byz,Katarina,크림몬,Draven,나는변신할것이다,Sett,nmttd
5340991383,win,Ranked Solo,2021-07-22 17:06:55,23m 18s,5,6,12,2.83:1,Double Kill,empty,Diana,Challenger,empty,Lee Sin,naiyoubaby,Volibear,나는변신할것이다,Katarina,크림몬,Samira,Lpc11,Alistar,Av0cadoda,Gwen,은신 갈고리 부활,Diana,River9,Yone,누구세요5,Kalista,BRO Hena,Rell,q7mm
5340726294,lose,Ranked Solo,2021-07-22 16:35:45,26m 32s,1,6,8,1.50:1,empty,empty,Viego,Challenger,empty,Viktor,IlllllllIIlll,Viego,River9,Katarina,크림몬,Varus,whisper snow,Karma,Av0cadoda,Jayce,byz,Lee Sin,부산여행 떠나기,Sylas,Gen G Dice,Aphelios,cxzqweasd,Lulu,yikemi
5338995702,lose,Ranked Solo,2021-07-21 18:58:10,28m 36s,5,4,4,2.25:1,empty,empty,Lee Sin,Grandmaster,empty,Fiora,doleimepa,Lee Sin,River9,Akali,Qufl,Aphelios,디알엑스 태윤,Thresh,AF Le5,Jayce,Big story,Viego,Diabloi,Sylas,나는성공할것이다,Ashe,KT R ADC,Karma,manmanO
5338992480,win,Ranked Solo,2021-07-21 18:20:31,15m 15s,3,2,4,3.50:1,empty,empty,Viego,Challenger,empty,Sylas,Zxkkwhy,Viego,River9,Irelia,T1 Zeus,Kalista,AF Le5,Leona,Shadow Winsome,Lee Sin,Big story,Gwen,Juhana,Jayce,xoxooxoxooox,Draven,T1 Gumayusi,Rell,szygszn
5338967814,lose,Ranked Solo,2021-07-21 17:56:25,24m 16s,0,8,5,0.63:1,empty,empty,Viego,Challenger,empty,Jayce,Big story,Rumble,번뜩이는 플레이,Viego,River9,Ziggs,deokdam,Leona,참새크면비둘기,Dr. Mundo,T1 Gumayusi,Lee Sin,나는변신할것이다,LeBlanc,나는성공할것이다,Kalista,다들말하네yessir,Xerath,아이린
5338913740,win,Ranked Solo,2021-07-21 17:21:04,18m 47s,4,1,7,11.00:1,Double Kill,empty,Diana,Challenger,empty,Trundle,Gon123,Lee Sin,JustLikeThatKR,Orianna,풍식2,Sivir,KT R ADC,Lulu,depart,Fiora,Big story,Diana,River9,Renekton,HashtagWin,Ziggs,나는변신할것이다,Leona,Lehends
5338877110,lose,Ranked Solo,2021-07-21 16:48:18,32m 8s,6,5,8,2.80:1,Double Kill,empty,Xin Zhao,Grandmaster,empty,Kennen,Big story,Lee Sin,Iuckgame9,Sion,풍식2,Tristana,viper3,Galio,페퍼 파퍼,Quinn,카사돌,Xin Zhao,River9,Ryze,C6kamisatoayaka,Draven,나는변신할것이다,Jarvan IV,SnowFlow2r
5338813320,lose,Ranked Solo,2021-07-21 16:03:32,15m 44s,3,5,2,1.00:1,Double Kill,empty,Volibear,Challenger,empty,Kennen,갱붕이,Volibear,River9,Orianna,풍식2,Ashe,Permaban10661089,Karma,번뜩이는 플레이,Viego,파나경,Trundle,나는연주니양,Sylas,T1 Zeus,Aphelios,Gen G Peyz,Leona,jkjkjkjkk
5333610813,lose,Ultimates,2021-07-19 00:30:14,19m 38s,9,11,7,1.45:1,Double Kill,empty,Sylas,empty,empty,Jax,하얀마음 진성,Trundle,연쇄샬인마,Warwick,마 함 나가까,Yone,여름방학빨리와라,Senna,풋감쟈,Pantheon,Icelandwinter,Ezreal,ptttt,Lulu,307091,Sylas,River9,Irelia,우연히
5332306271,win,ARAM,2021-07-18 16:15:38,18m 57s,14,14,15,2.07:1,Double Kill,empty,Rengar,empty,empty,Lillia,솔로킬커신,Gangplank,Icelandwinter,Ivern,ptttt,Rengar,River9,Xerath,Mage Game,Caitlyn,김해시청,Veigar,칼날폭풍남해,Nidalee,착한마음어린이,Graves,머 신,Aatrox,롤체만하는유저
5332002030,win,Ranked Solo,2021-07-18 14:57:22,16m 5s,10,0,7,Perfect,Double Kill,MVP,Viego,Grandmaster,empty,Irelia,load L92k8UEM6QZ,Viego,River9,Sylas,19yearr,Aphelios,chaojibaobeijojo,Tahm Kench,잭 호,Fiora,doleimepa,Rek'Sai,beibeibaobao,Seraphine,godlllllub,LeBlanc,Crulser,Thresh,FAKE LOVEE
5331953342,win,Ranked Solo,2021-07-18 14:26:58,28m 42s,10,1,12,22.00:1,Double Kill,empty,Nidalee,Grandmaster,empty,Sett,Liiv Howling,Lillia,cola2,Lee Sin,Crulser,Varus,xx7dz,Karma,Av0cadoda,Irelia,load L92k8UEM6QZ,Nidalee,River9,Ryze,Slowly Song,Kalista,kcvawsreiuyopdgz,Lulu,하나나사랑해요
5327782096,win,Ranked Solo,2021-07-16 18:08:01,21m 37s,4,4,4,2.00:1,empty,empty,Diana,Challenger,empty,Lee Sin,늘 완벽하고싶다,Diana,River9,Yone,Noticed,Xayah,T1 Berserker,Rakan,four year,Viego,lin shu hao,Ekko,JustLikeThatKR,Orianna,Pnpm,Kai'Sa,Gen G Quid,Pyke,Honpi
5325249625,win,Ranked Solo,2021-07-15 14:40:02,15m 33s,4,1,6,10.00:1,empty,empty,Volibear,Challenger,empty,Sett,lin shu hao,Volibear,River9,Sylas,식혜커플존버 ,Aphelios,Betty9,Seraphine,3213213123,Lee Sin,Gen G Karis,Nidalee,Permaban10555153,Gwen,jingdaijieshu,Jinx,HLE Willer,Thresh,Xiaohao9
5325245472,win,Ranked Solo,2021-07-15 14:08:54,18m 41s,3,1,7,10.00:1,empty,empty,Volibear,Challenger,empty,Sett,jingdaijieshu,Viego,1116660911,Gwen,식혜커플존버 ,Samira,DK Kingdom,Gragas,파나경,Lee Sin,Gen G Burdol,Volibear,River9,Ryze,모두 화이팅 하자,Aphelios,풍식2,Rakan,유경완짜증나
5321652112,win,Ranked Solo,2021-07-13 18:16:10,23m 5s,14,2,4,9.00:1,Triple Kill,MVP,Gwen,Master,empty,Pantheon,카운트다운7,Gwen,River9,Sylas,몽키 D 짱구,Aphelios,skwhadlrlffo,Nautilus,easy on me ,Rumble,탑툰킹,Taliyah,yi sha zheng dao,Riven,양념형,Jinx,Semper7,Thresh,햄스터쳇바퀴인생
5321374029,lose,Ranked Solo,2021-07-13 14:54:42,27m 2s,5,7,7,1.71:1,empty,empty,Gwen,Challenger,empty,Jayce,Burdoll,Rumble,나는연주니양,Sett,Sutkressuree,Samira,chaojibaobeijojo,Gragas,ON12,Irelia,미소의눈동자,Gwen,River9,Lee Sin,tan hua yi xian,Aphelios,누쇤퍅,Karma,Av0cadoda
5321340836,win,Ranked Solo,2021-07-13 14:20:31,31m 55s,12,3,4,5.33:1,Quadra Kill,empty,Gwen,Grandmaster,empty,Quinn,카사돌,Diana,1116660911,Zed,Jerrya,Ziggs,jkjkjkjkk,Senna,shuzu1,Lucian,Burdoll,Gwen,River9,Lee Sin,K T,Aphelios,chaojibaobeijojo,Alistar,Shadow Winsome
5320697537,win,ARAM,2021-07-13 04:10:35,26m 29s,9,15,27,2.40:1,Double Kill,empty,Aphelios,empty,empty,Vel'Koz,곧졸업이야x발,Singed,티거는 고양이,Karthus,Excite,Quinn,예 빡,Teemo,푸르리오,Akali,kill the 식신,Vayne,솜냥아,Aphelios,River9,Irelia,기엽다,Ziggs,Naavi
5320607928,lose,ARAM,2021-07-13 03:30:28,21m 21s,11,17,17,1.65:1,Double Kill,empty,Draven,empty,empty,Lillia,빨대쪽,Blitzcrank,westy,Akali,123124124123123,Sivir,HellLight,Nidalee,연수동칼바람,Karma,NS Chelly,Pyke,ZOEKlNG,Ezreal,솜냥아,Teemo,피즈 조이,Draven,River9
5320120119,win,Ranked Solo,2021-07-12 21:23:36,29m 25s,7,3,7,4.67:1,empty,empty,Gwen,Grandmaster,empty,Jayce,우제우스,Gwen,River9,Renekton,tan hua yi xian,Ezreal,비천 도전자,Karma,먼 여행을 떠나,Gragas,FA Decky,Viego,Zhuanxinzhizhi,Galio,몰 도,Aphelios,해 캄,Soraka,Gen G Khael
5319994965,win,Ranked Solo,2021-07-12 20:40:11,20m 15s,8,4,8,4.00:1,empty,empty,Gwen,Grandmaster,empty,Tryndamere,FA Decky,Gwen,River9,Sett,AFTV섹시여캠지인,Kai'Sa,튀자튀자아,Alistar,Destiny,Irelia,byz,Diana,youwiIIsucceed,Akali,우제우스,Jinx,Sangchu,Braum,쿠 리
5317620492,lose,Ultimates,2021-07-11 18:22:35,23m 33s,4,11,13,1.55:1,empty,empty,Ziggs,empty,empty,Urgot,A급 감정쓰레기통,Gragas,Icelandwinter,Irelia,ptttt,Kha'Zix,presciencer,Ziggs,River9,Ezreal,민초콩유,Dr. Mundo,설거지장인노백구,Lee Sin,22 06 02,LeBlanc,xhynot,Karma,도혜구지
5297654230,win,Ranked Solo,2021-07-02 16:35:24,15m 39s,2,1,7,9.00:1,empty,empty,Braum,Grandmaster,empty,Viego,kuyami,Xin Zhao,wu guan feng yue,Katarina,크림몬,Sivir,JustLikeThatKR,Leona,쉼 없이 나아가라,Renekton,tan hua yi xian,Rumble,날 건들지마날 ,Sett,1Conor McGregor2,Ezreal,New ADC,Braum,River9
5297569299,win,Ranked Solo,2021-07-02 16:09:33,21m 19s,9,2,11,10.00:1,empty,empty,Lee Sin,Grandmaster,empty,Gwen,gonna be my love,Diana,GalaxySearch,Irelia,Gen G Dice,Aphelios,듀오 구글 제드팀,Taric,쓰레기쓰레기,Viego,tan hua yi xian,Lee Sin,River9,Katarina,Emilia tan,Ziggs,OOO0OOO0OO,Leona,마스터는개미야
5297503623,lose,Ranked Solo,2021-07-02 15:36:14,31m 11s,3,8,7,1.25:1,empty,empty,Volibear,Grandmaster,empty,Gwen,Fisherr,Lee Sin,See u AG,Akali,LSB Pungyeon,Varus,해 캄,Poppy,BRO Delight,Gnar,윤용호,Volibear,River9,Annie,FLAGGED 66531889,Tristana,듀오 구글 제드팀,Lulu,마스터는개미야
5297540278,lose,Ranked Solo,2021-07-02 14:59:49,15m 34s,1,4,1,0.50:1,empty,empty,Sett,Grandmaster,empty,Sett,River9,Ekko,GalaxySearch,Lee Sin,담원 기아 경이 ,Ezreal,질려고게임함,Alistar,서프라이즈데이,Viego,BJ갈배,Xin Zhao,crystal123,LeBlanc,Gen G Dice,Aphelios,Gon1234,Leona,SGBSGBSGB
5297145839,lose,Ranked Solo,2021-07-02 14:34:30,24m 43s,3,6,3,1.00:1,empty,empty,Viego,Grandmaster,empty,Gwen,KT PerfecT,Viego,River9,Zed,Jerrya,Ziggs,kcvawsreiuyopdgz,Thresh,Kill My Young1,Sett,Liiv Howling,Diana,youwiIIsucceed,Nocturne,asdasdsdfv,Varus,zszzz,Alistar,SGBSGBSGB
5297113164,lose,Ranked Solo,2021-07-02 13:58:14,15m 43s,0,10,3,0.30:1,empty,empty,Xin Zhao,Grandmaster,empty,Nocturne,탱 녹,Lee Sin,스물다섯번째밤,Sylas,Hakunaa Matata,Varus,DK Kingdom,Karma,디아첼,Akali,갱붕이,Xin Zhao,River9,LeBlanc,asgasdfasg,Kai'Sa,nina nguyen,Nautilus,쉼 없이 나아가라
5296855529,lose,Ranked Solo,2021-07-02 03:52:21,19m 7s,1,5,2,0.60:1,empty,empty,Olaf,Grandmaster,empty,Malphite,Lpc11,Hecarim,crystal123,Ziggs,Gengarnold,Kalista,UPzhao641950117,Nautilus,szygszn,Fiora,lin shu hao,Olaf,River9,Lee Sin,나는성공할것이다,Ezreal,sibaaaaaaaaaaa,Karma,nmttd
5294323694,lose,Ranked Solo,2021-06-30 21:59:16,22m 37s,7,5,6,2.60:1,Double Kill,ACE,Nocturne,Challenger,empty,Riven,wmfrpazz,Diana,Permaban10661334,Galio,18세 기모진,Kalista,구마유시,Sett,디아첼,Akali,qiang,Lee Sin,T1 Oner,Nocturne,River9,Aphelios,kwqejksad,Nautilus,점수나락감
5294246010,win,Ranked Solo,2021-06-30 21:20:02,22m 38s,5,0,11,Perfect,empty,empty,Volibear,Grandmaster,empty,Lee Sin,kuyami,Volibear,River9,Akali,펭귄빙산추락,Kindred,아라드,Galio,디아첼,Viego,Trisak,Nocturne,GalaxySearch,Zoe,BRO A AD,Aphelios,OOO0OOO0OO,Sett,대포내꺼 퉤퉤
5291984764,win,Ranked Solo,2021-06-29 18:27:39,39m 7s,2,7,20,3.14:1,empty,empty,Xin Zhao,Challenger,empty,Nocturne,윤용호,Volibear,12364213,Sylas,Noticed,Ezreal,Lpc11,Bard,Gen G Lospa,Gwen,AASSH,Xin Zhao,River9,Tristana,펭귄빙산추락,Vayne,Gen G Peyz,Nautilus,snzll
5291850173,win,Ranked Solo,2021-06-29 16:07:18,19m 48s,10,2,10,10.00:1,Double Kill,empty,Rumble,Challenger,empty,Nocturne,DK Chasy,Viego,디킨스이,Galio,DK Pullbae,Kalista,jkjkjkjkk,Sett,아이러니zz,Lee Sin,다죽을거야1,Rumble,River9,Zoe,혜지명1,Jinx,New ADC,Thresh,powfu boy
5291766609,lose,Ranked Solo,2021-06-29 15:41:16,22m 14s,6,5,9,3.00:1,ACE,empty,Diana,Challenger,empty,Sett,T1 Oner,Diana,River9,Varus,리맴버,Lee Sin,혜지명1,Karma,powfu boy,Gnar,다죽을거야1,Shaco,ziyou,Galio,DK Pullbae,Ezreal,jkjkjkjkk,Thresh,아이러니zz
5291751383,win,Ranked Solo,2021-06-29 15:12:31,38m 34s,4,9,17,2.33:1,empty,empty,Xin Zhao,Challenger,empty,Sett,T1 Oner,Lee Sin,Gen G Winner,Lulu,혜지명1,Ezreal,다죽을거야1,Leona,아이러니zz,Fiora,sword god14,Xin Zhao,River9,Zoe,쪼렙이다말로하자,Kalista,jkjkjkjkk,Rakan,q7mm
5291656726,lose,Ranked Solo,2021-06-29 14:22:14,30m 31s,6,9,12,2.00:1,Double Kill,empty,Volibear,Grandmaster,empty,Sett,메건팍,Volibear,River9,Sylas,Sweet L1fe,Kai'Sa,웅이애옹,Thresh,0008000,Aatrox,딸기바나나소프트,Xin Zhao,스물다섯번째밤,Akali,혜지명1,Samira,포퉁이,Nautilus,Kill My Young1
5289640858,lose,ARAM,2021-06-28 05:21:20,22m 42s,20,12,12,2.67:1,Quadra Kill,empty,Ryze,empty,empty,Anivia,뭐샵숑아,Teemo,정글야발놈,Varus,강수아 사랑해,Irelia,길용선,Maokai,길용민 사랑해,Cho'Gath,싸움 말리는 형,Ryze,River9,Lee Sin,응애 나 애기채원,Pyke,yxuna,Malzahar,1997 10 21
5289508115,lose,ARAM,2021-06-28 04:30:36,21m 3s,4,18,14,1.00:1,empty,empty,Kennen,empty,empty,Ezreal,아리아리스리스리,Amumu,귀가조치부,Kai'Sa,최준덕,Nautilus,칼바람 아크샨,Zoe,ZOE FIZZ,Shen,오를론 뽀삐,Lillia,감히 니 따위가,Swain,프레이신부서연이,Kennen,River9,Caitlyn,Betty9
5289024156,win,Ranked Solo,2021-06-27 23:42:03,25m 51s,9,4,8,4.25:1,empty,empty,Nidalee,Challenger,empty,Lee Sin,농심 리치,Nidalee,River9,Viego,Keinee,Kalista,숨바꼭질,Rakan,디아첼,Volibear,12364213,Diana,Permaban10661334,Renekton,탓타라타랏타타,Kog'Maw,Betty9,Lulu,곽곽보성
5288947161,lose,Ranked Solo,2021-06-27 23:09:58,23m 28s,6,6,3,1.50:1,Double Kill,ACE,Viego,Grandmaster,empty,Aatrox,12364213,Viego,River9,Sylas,C6kamisatoayaka,Kai'Sa,수수깡왕국의왕자,Leona,snzll,Jayce,Trisak,Lee Sin,늘 봄은온다,Ryze,Keinee,Kalista,Gen G Peyz,Rakan,디아첼
5288950134,win,Ranked Solo,2021-06-27 22:38:36,23m 42s,7,5,8,3.00:1,empty,empty,Sett,Grandmaster,empty,Lee Sin,im fast,Diana,늘 봄은온다,Viego,담원 기아 경이 ,Karma,디아첼,Senna,Keinee,Volibear,12364213,Zac,97470276del,Sett,River9,Kalista,Gen G Peyz,Soraka,참새크면비둘기
5288747870,win,Ranked Solo,2021-06-27 21:51:02,31m 2s,10,5,15,5.00:1,Double Kill,empty,Rumble,Grandmaster,empty,Sejuani,5358123,Lee Sin,나는연주니양,Sylas,DK ShowMaker,Jhin,빵 얏,Nami,YaoBuKeJiDeNi,Sett,Permaban10661089,Rumble,River9,Kassadin,몽키 D 짱구,Varus,어딘가좀아픈사람,Thresh,Shadow Winsome
5288689459,win,Ranked Solo,2021-06-27 21:08:49,25m 59s,10,3,14,8.00:1,MVP,empty,Diana,Grandmaster,empty,Sejuani,5358123,Xin Zhao,나는연주니양,Sylas,몽키 D 짱구,Varus,Gen G Peyz,Braum,LuLu Umi Nami,Yasuo,DK ShowMaker,Diana,River9,Sett,xytn,Vayne,Permaban10661089,Nautilus,밤몽길
5288594179,lose,Ranked Solo,2021-06-27 20:32:51,24m 37s,2,4,3,1.25:1,empty,empty,Viego,Challenger,empty,Akali,Gen G Burdol,Viego,River9,Ahri,미 호,Lee Sin,Gen G Winner,Senna,Gen G Peyz,Pantheon,05프로하고싶어요,Nocturne,T1 Oner,LeBlanc,쪼렙이다말로하자,Jinx,nehcaL,Karma,Permaban10661334
5288332703,win,Ranked Solo,2021-06-27 17:39:00,16m 38s,1,2,10,5.50:1,empty,empty,Twisted Fate,Grandmaster,empty,Nocturne,Gon123,Xin Zhao,a little story,Twisted Fate,River9,Varus,어딘가좀아픈사람,Rakan,q7mm,Gwen,gyuvee,Kindred,FLAGGED 21181052,Ziggs,ginnnneabreak,Tahm Kench,참새크면비둘기,Senna,Permaban10661089
5288286529,lose,Ranked Solo,2021-06-27 17:13:03,21m 50s,5,5,1,1.20:1,empty,empty,Diana,Grandmaster,empty,Vayne,갱붕이,Diana,River9,Renekton,divd,Ezreal,어딘가좀아픈사람,Nautilus,라윤공주,Sett,디아첼,Lillia,토닥임,Akali,몽키 D 짱구,Samira,Permaban10661089,Rell,q7mm
5287154683,win,Ranked Solo,2021-06-27 02:29:21,16m 13s,9,1,10,19.00:1,Double Kill,empty,Diana,Grandmaster,empty,Akali, gnij oaix,Xin Zhao,IndifferenToT,Ryze,T1 Canna,Ezreal,Gen G Envy,Leona,밤몽길,Sett,Sutkressuree,Diana,River9,Irelia,늘 완벽하고싶다,Samira,Permaban10661089,Alistar,Gen G Khael
5287160242,win,Ranked Solo,2021-06-27 02:05:58,20m 9s,4,2,8,6.00:1,Double Kill,empty,Diana,Grandmaster,empty,Jayce,DoRun,Diana,River9,Viego,3213213123,Varus,qwertyuioasd,Nautilus,Lucile,Lee Sin,Aeeeeeeeee,Nidalee,mohuado,Renekton, gnij oaix,Kog'Maw,튀자튀자아,Lulu,EatDIE EATdie
5286008628,lose,Ranked Solo,2021-06-26 20:39:11,27m 2s,1,3,4,1.67:1,empty,empty,Lee Sin,Grandmaster,empty,Fiora,갱붕이,Viego,디킨스이,Katarina,내가 승현인데용,Ezreal,OOO0OOO0OO,Yuumi,powfu boy,Jayce,팬텀팬피그,Lee Sin,River9,LeBlanc,쪼렙이다말로하자,Kai'Sa,리맴버,Karma,박치기공룡입니다
5284776878,lose,ARAM,2021-06-26 03:58:28,15m 9s,5,8,14,2.38:1,empty,empty,Akali,empty,empty,Fizz,좀잘던짐,Kai'Sa,갑자기욕하는사람,Vayne,226킹자장치,Sylas,대한애니비아협회,Sett,외래인,Kog'Maw,난하나도안미안해,Janna,딸기좋아1,Akali,River9,Caitlyn,료멘 스쿠나,Viego,Betty9
5284762692,win,ARAM,2021-06-26 03:18:22,23m 26s,5,10,36,4.10:1,empty,empty,Bard,empty,empty,Karma,왈 착,Jax,소중히해줘,Nocturne,부끄러움이많은편,Syndra,LaP1s,Bard,River9,Zilean,스 머 신 섹,Sett,개같은인간,Zoe,리정우,Gragas,진짜야뭐야,Urgot,조용히좀하자제발
5282868886,lose,Ranked Solo,2021-06-25 04:49:30,30m 29s,10,4,7,4.25:1,ACE,empty,Hecarim,Grandmaster,empty,Aatrox,전민혁,Hecarim,River9,Zoe,쪼렙이다말로하자,Ezreal,KT 5kld,Leona,고등학생,Fiora,우제우스,Karthus,   Lay   waste,Viego,좋은 섕각,Aphelios,Permaban10661089,Thresh,밤몽길
5282797934,lose,Ranked Solo,2021-06-25 04:11:11,21m 33s,4,4,3,1.75:1,empty,empty,Nocturne,Challenger,empty,Camille,우제우스,Xin Zhao,Next child,Zoe,쪼렙이다말로하자,Ezreal,El Matador 7 9,Tahm Kench,Let me sup,Gwen,윤용호,Nocturne,River9,Galio,The sin of anger,Jinx,BRO Hena,Thresh,밤몽길
5282594296,lose,Ranked Solo,2021-06-25 00:23:30,15m 20s,2,3,0,0.67:1,empty,empty,Xin Zhao,Challenger,empty,Gwen,3donghezecaoxian,Xin Zhao,River9,LeBlanc,haoyunbaobel,Ezreal,이랩게임누가왕자,Alistar,디아첼,Nocturne,Two more Chance,Volibear,T1 Ellim,Galio,누구세요5,Kalista,El Matador 7 9,Bard,four year
5282556874,lose,Ranked Solo,2021-06-24 23:57:13,27m 31s,2,5,4,1.20:1,empty,empty,Elise,Challenger,empty,Gwen,Gon123,Elise,River9,Lucian,AASSH,Ezreal,다죽을거야1,Braum,디아첼,Kennen,T1 Roach,Lee Sin,Xiaohao9,Lissandra,펭귄빙산추락,Varus,이랩게임누가왕자,Nautilus,DuDu11
5282532619,lose,Ranked Solo,2021-06-24 23:23:19,16m 42s,2,4,3,1.25:1,empty,empty,Jhin,Challenger,empty,Jayce,AASSH,Hecarim,Permaban10661334,LeBlanc,haoyunbaobel,Jhin,River9,Senna,디아첼,Lulu,Untara,Xin Zhao,Xiaohao9,Ahri,미 호,Varus,오뚜기3분미트볼,Nautilus,Gen G Khael
5282486419,lose,Ranked Solo,2021-06-24 22:55:28,15m 45s,1,7,0,0.14:1,empty,empty,Varus,Challenger,empty,Sett,ziyou,Lee Sin,Xiaohao9,Viktor,Gen G Quid,Aphelios,Gen G Peyz,Thresh,점수나락감,Lucian,Two more Chance,Nidalee,Permaban10661334,Akali,AASSH,Varus,River9,Alistar,DuDu11
5282388967,win,Ranked Solo,2021-06-24 22:31:46,24m 5s,4,3,10,4.67:1,empty,empty,Rek'Sai,Challenger,empty,Malphite,Xiaohao9,Rek'Sai,River9,LeBlanc,담원 기아 경이 ,Ezreal,Permaban10661089,Karma,점수나락감,Sylas,Gon123,Xin Zhao,a little story,Jayce,펭귄빙산추락,Tahm Kench,우주방패,Senna,Gen G Peyz
5282321613,win,Ranked Solo,2021-06-24 21:48:16,21m 59s,6,5,8,2.80:1,empty,empty,Xin Zhao,Challenger,empty,Pantheon,05프로하고싶어요,Gwen,a little story,Aurelion Sol,Liiv Akiha,Kalista,BRO A AD,Gragas,Next child,Camille,Permaban10661089,Xin Zhao,River9,Galio,쭌 베,Aphelios,Gen G Peyz,Thresh,점수나락감
5282255218,win,Ranked Solo,2021-06-24 21:14:08,20m 45s,1,0,11,Perfect,empty,empty,Sett,Grandmaster,empty,Gwen,사 용 수,Hecarim,a little story,Viego,KT R MID,Jinx,Gen G Peyz,Alistar,FLAGGED 22593849,Pantheon,05프로하고싶어요,Xin Zhao,Next child,Sylas,Gen G Ophelia,Ziggs,BRO A AD,Sett,River9
5281937791,lose,Ranked Solo,2021-06-24 20:27:37,21m 33s,1,5,3,0.80:1,empty,empty,Diana,Challenger,empty,Sylas,C6kamisatoayaka,Hecarim,데아시두스이어링,Ryze,Crulser,Jinx,BRO A AD,Thresh,Youtube heeseong,Viego,AF BuLLDoG,Diana,River9,Pantheon,쭌 베,Aphelios,Lure or die ,Leona,점수나락감
5281689870,win,Ranked Solo,2021-06-24 18:23:00,30m 23s,10,8,13,2.88:1,Triple Kill,empty,Elise,Challenger,empty,Akali,ao l1 gei,Lee Sin,Gon123,LeBlanc,쭌 베,Tristana,Permaban10661089,Rakan,Honpi,Sylas,갱붕이,Elise,River9,Talon,에 넥,Kalista,Gen G Peyz,Leona,zxckas0dk
5281626425,win,Ranked Solo,2021-06-24 17:35:45,16m 32s,3,1,7,10.00:1,empty,empty,Nidalee,Challenger,empty,Lucian,T1 Zeus,Lee Sin,mohuado,Sylas,쭌 베,Jinx,Liiv Akiha,Gragas,KT Harp,Renekton,멍청한 게임,Nidalee,River9,Pantheon,잠은허송세월,Aphelios,구마유시,Thresh,전서방 닭갈비
5281588179,win,Ranked Solo,2021-06-24 16:44:56,30m 16s,9,4,21,7.50:1,MVP,empty,Xin Zhao,Challenger,empty,Gwen,lin shu hao,Nocturne,HLE Willer,Lee Sin,펭귄빙산추락,Ziggs,직스 좀 믿어줘,Pyke,농심 리치,Sejuani,데아시두스이어링,Xin Zhao,River9,Rumble,쭌 베,Kai'Sa,ytmr,Leona,HLE Cheoni
5281534453,win,Ranked Solo,2021-06-24 16:04:19,26m 54s,9,3,13,7.33:1,Triple Kill,empty,Taliyah,Grandmaster,empty,Irelia,IRELKlNG,Taliyah,River9,Lee Sin,담원 기아 경이 ,Kalista,skwhadlrlffo,Leona,b1t,Tahm Kench,qiang,Viego,FLAGGED 44214526,Galio,Mippy,Kai'Sa,ytmr,Alistar,DFM GAENG
5281469700,win,Ranked Solo,2021-06-24 15:21:42,22m 50s,7,2,6,6.50:1,Double Kill,empty,Rumble,Grandmaster,empty,Irelia,FLAGGED 44214526,Nidalee,팡탈리,Camille,im fast,Ezreal,skwhadlrlffo,Karma,SGBSGBSGB,Lee Sin,ADD on win,Rumble,River9,Quinn,카사돌,Sett,Crulser,Senna,담원 기아 경이 
5281395939,win,Ranked Solo,2021-06-24 14:39:44,25m 18s,5,5,7,2.40:1,empty,empty,Ezreal,Grandmaster,empty,Akali,Aeeeeeeeee,Viego,팡탈리,Ryze,Gen G Ophelia,Jhin,146k,Karma,T1 F0rest,Gwen,time or time,Diana,Next child,Zed,Jerrya,Ezreal,River9,Yuumi,EatDIE EATdie
5281135459,win,Ranked Solo,2021-06-24 04:08:35,31m 36s,1,8,5,0.75:1,empty,empty,Xin Zhao,Grandmaster,empty,Akali,우제우스,Lee Sin,Next child,Ryze,T1 Canna,Kalista,kwqejksad,Leona,유경완짜증나,Viego,문신처럼 박힌,Xin Zhao,River9,Orianna,좋은 섕각,Ezreal,DK ShowMaker,Yuumi,four year
5281143260,win,Ranked Solo,2021-06-24 03:24:13,23m 54s,7,4,8,3.75:1,empty,empty,Xin Zhao,Challenger,empty,Sett,팬텀팬피그,Xin Zhao,River9,Akali,Hide on bush,Tahm Kench,Let me sup,Senna,아이러니zz,Jayce,우제우스,Karthus,   Lay   waste,Lucian,Noticed,Ezreal,kwqejksad,Lee Sin,옆동산외계인
5281140340,lose,Ranked Solo,2021-06-24 02:50:01,26m 42s,5,6,7,2.00:1,Double Kill,empty,Viego,Challenger,empty,Lucian,우제우스,Lee Sin,번뜩이는 플레이,Sylas,dfgsfsdas,Jhin,kwqejksad,Leona,manmanO,Wukong,멍청한 게임,Viego,River9,Ryze,Noticed,Varus,BRO Hena,Karma,nmttd
5281074684,win,Ranked Solo,2021-06-24 01:52:23,22m 11s,4,2,12,8.00:1,empty,empty,Rumble,Challenger,empty,Lee Sin,농심 리치,Rumble,River9,Nocturne,미북이,Samira,jkjkjkjkk,Pyke,zzzzussss,Gwen,오뚜기3분미트볼,Viego,번뜩이는 플레이,Akali,나는 준일하다,Ziggs,직스 좀 믿어줘,Karma,q7mm
5279047822,win,ARAM,2021-06-23 02:33:41,17m 39s,1,8,35,4.50:1,empty,empty,Tahm Kench,empty,empty,Diana,정훈이의 모험,Nami,솜냥아,Jinx,피즈 조이,Tahm Kench,River9,Vladimir,Betty9,Corki,존씌나,Skarner,hfadns,Maokai,너구오리,Pyke,송비서,LeBlanc,Punctual
5278816468,win,Ranked Solo,2021-06-23 00:59:53,25m 4s,9,3,11,6.67:1,Double Kill,MVP,Diana,Challenger,empty,Jayce,T1 Zeus,Diana,River9,Sett,load L92k8UEM6QZ,Kai'Sa,ytmr,Sejuani,데아시두스이어링,Gnar,다죽을거야1,Karthus,   Lay   waste,Lucian,Gen G Karis,Kalista,ginnnneabreak,Karma,a little story
5278572770,win,Ranked Solo,2021-06-22 23:45:53,29m 51s,11,7,7,2.57:1,empty,empty,Diana,Grandmaster,empty,Jayce,사막낙타,Rumble,Diabloi,Lee Sin,나는성공할것이다,Kai'Sa,wu tiao jian,Rakan,KT Way,Sett,jingdaijieshu,Diana,River9,Twisted Fate,qseawd,Varus,누쇤퍅,Thresh,DuDu11
5278413076,lose,Ranked Solo,2021-06-22 23:02:53,33m 46s,4,8,9,1.63:1,empty,empty,Diana,Grandmaster,empty,Lee Sin,남궁성관,Hecarim,Permaban10661334,Akali,워 드,Kalista,Lure or die ,Thresh,Let me sup,Fiora,doleimepa,Diana,River9,Orianna,튀자튀자아,Varus,kwqejksad,Alistar,zxckas0dk
5278374102,win,Ranked Solo,2021-06-22 22:23:40,32m 16s,5,12,17,1.83:1,empty,empty,Karthus,Challenger,empty,Sett,im fast,Karthus,River9,Lee Sin,Gen G Quid,Ezreal,폭탄치우기,Yuumi,디아첼,Lucian,이랩게임누가왕자,Diana,Permaban10661334,Viego,누구세요5,Jhin,비천 도전자,Lux,Let me sup
5278291118,lose,Ranked Solo,2021-06-22 21:12:44,23m 54s,4,5,9,2.60:1,ACE,empty,Senna,Challenger,empty,Sett,남궁성관,Kindred,Permaban10555153,LeBlanc,쪼렙이다말로하자,Varus,Gen G Peyz,Nautilus,IndifferenToT,Camille,lin shu hao,Lee Sin,누구세요5,Galio,DK Pullbae,Rumble,zzzusss,Senna,River9
5278127451,win,Ranked Solo,2021-06-22 20:40:06,24m 21s,6,4,10,4.00:1,Double Kill,empty,Diana,Grandmaster,empty,Wukong,lin shu hao,Diana,River9,Viego,DK Pullbae,Ezreal,jkjkjkjkk,Galio,concesslon,Jayce,남궁성관,Nidalee,Makeri ta,Zoe,쪼렙이다말로하자,Kai'Sa,ytmr,Braum,우주방패
5278089561,win,Ranked Solo,2021-06-22 19:55:08,25m 22s,7,1,6,13.00:1,Double Kill,MVP,Viego,Challenger,empty,Akali,우승할건데,Viego,River9,Zoe,쪼렙이다말로하자,Ezreal,New ADC,Nautilus,snzll,Gwen,C6kamisatoayaka,Lee Sin,FLAGGED 44214526,Katarina,Emilia tan,Jhin,jkjkjkjkk,Karma,zzzusss
5278072304,win,Ranked Solo,2021-06-22 19:01:53,29m 30s,13,7,8,3.00:1,Double Kill,MVP,Diana,Grandmaster,empty,Viego,KT R MID,Diana,River9,Qiyana,vmaw90m09am34,Kog'Maw,Lpc11,Lulu,광팔햄,Sett,Liiv Summit,Rumble,나 서폿 잘한I다,Talon,에 넥,Jinx,다들말하네yessir,Karma,shui men
5277906475,win,Ranked Solo,2021-06-22 18:02:38,26m 35s,1,6,17,3.00:1,empty,empty,Leona,Grandmaster,empty,Yone,삼봉국밥,Volibear,Shadow HamBak ,Sylas,Gon123,Kai'Sa,zxcvkjhzslfsfnsw,Leona,River9,Pantheon,05프로하고싶어요,Diana,Gen G Clid,Lucian,LSB Pungyeon,Jinx,146k,Thresh,ON12
5277922487,win,Ranked Solo,2021-06-22 17:25:45,21m 32s,5,3,12,5.67:1,empty,empty,Senna,Challenger,empty,Renekton,AASSH,Diana,FLAGGED 44214526,Akali,펭귄빙산추락,Sett,밤몽길,Senna,River9,Sylas,갱붕이,Volibear,누구세요5,Viego,Cliffteezy,Kai'Sa,Gon123,Gragas,ON12
5277875933,lose,Ranked Solo,2021-06-22 16:43:28,26m 59s,4,7,5,1.29:1,Double Kill,empty,Diana,Challenger,empty,Akali,lin shu hao,Diana,River9,Sett,좋은 섕각,Varus,jkjkjkjkk,Lulu,1128321,Gwen,농심 리치,Viego,Juhana,Jayce,나는연주니양,Kog'Maw,El Matador 7 9,Karma,SnowFlow2r
5276571055,lose,Ranked Solo,2021-06-21 21:18:05,28m 14s,2,5,6,1.60:1,empty,empty,Lulu,Grandmaster,empty,Akali,lin shu hao,Xin Zhao,Next child,Viktor,박치기공룡입니다,Kog'Maw,jkjkjkjkk,Senna,zzzzussss,Lucian,미소의눈동자,Graves,2738808064672864,Lulu,River9,Varus,구마유시,Karma,당신은게임을왜함
5276415718,win,Ranked Solo,2021-06-21 20:28:17,15m 34s,7,0,5,Perfect,MVP,empty,Diana,Challenger,empty,Lee Sin,T1 Zeus,Volibear,a little story,Ryze,AASSH,Aphelios,jkjkjkjkk,Rakan,밤몽길,Gnar,미소의눈동자,Diana,River9,Yasuo,카아아아아아아아,Sett,디아첼,Senna,zzzusss
5276383682,win,Ranked Solo,2021-06-21 19:25:32,27m 53s,4,10,17,2.10:1,empty,empty,Rumble,Challenger,empty,Akali,BRO A AD,Rumble,River9,Talon,에 넥,Vayne,구마유시,Karma,zzzusss,Renekton,FA Decky,Nidalee,Gen G Peyz,Viego,Gen G Quid,Lucian,Liiv Akiha,Yuumi,four year
5274205340,win,Ranked Solo,2021-06-20 18:09:50,24m 0s,7,8,9,2.00:1,empty,empty,Diana,Grandmaster,empty,Wukong,fashion여쟈,Rumble,스물다섯번째밤,Lucian,Gen G Quid,Ezreal,피할 수 없는,Leona,토낀 토끼,Camille,1Conor McGregor2,Diana,River9,Jayce,백색말처럼,Varus,Uarein,Senna,Let me sup
5273331003,win,ARAM,2021-06-20 03:30:22,18m 54s,16,13,14,2.31:1,Triple Kill,empty,Camille,empty,empty,Xerath,구이몽타,Sivir,핥짝교실,Kindred,조보조,Lissandra,심장이통닭통닭,Darius,말좀그만해줄래,Sett,폐화수월,Pyke,간 타,Orianna,Almond99,Camille,River9,Viego,Betty9
5273256483,lose,Ranked Solo,2021-06-20 02:59:32,20m 54s,3,4,6,2.25:1,empty,empty,Jhin,Challenger,empty,Kennen,갱붕이,Xin Zhao,Juhana,Lulu,데아시두스이어링,Kai'Sa,viper3,Rakan,디아첼,Akali,AASSH,Rumble,IndifferenToT,Lee Sin,나는 준일하다,Jhin,River9,Karma,four year
5273168652,win,Ranked Solo,2021-06-20 02:26:49,36m 28s,5,10,15,2.00:1,Double Kill,empty,Fiddlesticks,Challenger,empty,Karma,AF BuLLDoG,Xin Zhao,Cuzzzzzzz,Lucian,DRX Quad,Kog'Maw,shangtougui,Lulu,디아첼,Gwen,T1 Canna,Fiddlesticks,River9,Lee Sin,Hide on bush,Ezreal,viper3,Yuumi,당신은게임을왜함
5272996779,lose,Ranked Solo,2021-06-20 01:18:37,27m 34s,10,6,11,3.50:1,Double Kill,ACE,Lee Sin,Challenger,empty,Sett,FLAGGED 15928736,Rumble,세상이무섭단말야,Twisted Fate,haoyunbaobel,Ezreal,ginnnneabreak,Leona,zxckas0dk,Akali,BRO Hoya,Lee Sin,River9,Jayce,The sin of anger,Vayne,Gen G Envy,Thresh,szygszn
5270852632,win,Ranked Solo,2021-06-19 05:25:23,23m 5s,17,2,8,12.50:1,Triple Kill,empty,Lee Sin,Grandmaster,empty,Camille,윤용호,Xin Zhao,릴러말즈 야망01,Zed,Deadly,Tristana,bai si yyds,Lulu,mini1110,Aatrox,전민혁,Lee Sin,River9,Katarina,크림몬,Ezreal,zaqwsxcdeas,Neeko,deng wo
5270832000,lose,Ranked Solo,2021-06-19 04:54:46,18m 44s,1,6,5,1.00:1,ACE,empty,Rumble,Grandmaster,empty,Jax,zzzzooo,Rumble,River9,Katarina,크림몬,Ezreal,라윤공주,Leona,deng wo,Zac,언니우기,Lee Sin,lIllililililII,Sylas,Gon123,Jhin,zaqwsxcdeas,Karma,38670913del
5270778442,lose,Ranked Solo,2021-06-19 04:18:47,24m 45s,3,9,5,0.89:1,empty,empty,Lucian,Challenger,empty,Volibear,12364213,Lee Sin,Xiaohao9,Ryze,쭌 베,Kai'Sa,BRO A AD,Leona,Gen G Khael,Shen,Juhana,Diana,Next child,Lucian,River9,Varus,See u AG,Galio,KT Harp
5270736344,lose,Ranked Solo,2021-06-19 03:38:17,22m 28s,9,3,4,4.33:1,Double Kill,ACE,Rumble,Challenger,empty,Sett,윤용호,Rumble,River9,Lucian,Gen G Quid,Ezreal,vaemqrlcxvz,Bard,KT Harp,Viego,AASSH,Diana,ziyou,Nocturne,a little story,Tahm Kench,DuDu11,Senna,구마유시
5270723248,lose,Ranked Solo,2021-06-19 03:02:40,18m 17s,1,5,4,1.00:1,empty,empty,Volibear,Challenger,empty,Renekton,멍청한 게임,Volibear,River9,Sylas,C6kamisatoayaka,Varus,다죽을거야1,Nautilus,snzll,Vayne,갱붕이,Xin Zhao,존몬터규샌드위치,Akali,zhong men dui ju,Ezreal,T1 Berserker,Karma,szygszn
5270635750,win,Ranked Solo,2021-06-19 02:27:19,33m 19s,9,6,8,2.83:1,Double Kill,empty,Xin Zhao,Challenger,empty,Wukong,멍청한 게임,Xin Zhao,River9,Akali,식혜커플존버 ,Varus,BRO Hena,Nautilus,zxckas0dk,Jayce,FA Decky,Rumble,KT PerfecT,Aurelion Sol,Liiv Akiha,Jhin,vaemqrlcxvz,Karma,four year
5270569704,lose,Ranked Solo,2021-06-19 01:49:44,24m 42s,4,8,5,1.13:1,empty,empty,Sett,Grandmaster,empty,Jayce,FA Decky,Diana,IndifferenToT,Sett,River9,Yasuo,BRO Hena,Rakan,yikemi,Akali,Two more Chance,Gwen,Xiaohao9,Zed,ZED99,Ezreal,iiinging,Karma,four year
5270500401,win,Ranked Solo,2021-06-19 00:52:44,15m 35s,5,1,4,9.00:1,empty,empty,Lee Sin,Grandmaster,empty,Gwen,BRO LukaLux,Lee Sin,River9,Ryze,godlllllub,Kalista,BRO A AD,Thresh,nmttd,Jayce,huntiandi1,Rumble,스물다섯번째밤,Sett,Naehyun,Lucian,Liiv Akiha,Senna,crycrystal
5268408250,win,Ranked Solo,2021-06-18 04:12:17,18m 21s,5,1,5,10.00:1,empty,empty,Xin Zhao,Challenger,empty,Gwen,1241235115551535,Lee Sin,See u AG,Galio,GGGori,Ezreal,El Matador 7 9,Braum,KT H4rp,Nocturne,Gon123,Xin Zhao,River9,Zoe,쪼렙이다말로하자,Aphelios,jkjkjkjkk,Thresh,Gen G Khael
5268424467,win,Ranked Solo,2021-06-18 03:23:06,25m 32s,8,1,9,17.00:1,Double Kill,empty,Nidalee,Grandmaster,empty,Vayne,갱붕이,Rumble,mnbvcxzs,Lee Sin,zhong men dui ju,Ezreal,it calls echoes,Leona,유경완짜증나,Renekton,jingdaijieshu,Nidalee,River9,Sett,Keinee,Varus,Betty9,Braum,zxckas0dk
5268358246,win,Ranked Solo,2021-06-18 02:26:14,28m 47s,8,4,11,4.75:1,Double Kill,empty,Xin Zhao,Challenger,empty,Jayce,우제우스,Xin Zhao,River9,Karma,T1 M1reu,Jinx,Permaban10661089,Thresh,zzzzussss,Viego,미소의눈동자,Volibear,nthtodo,Akali,카아아아아아아아,Varus,T1 Berserker,Seraphine,당신은게임을왜함
5268394343,win,Ranked Solo,2021-06-18 01:46:36,15m 9s,14,0,8,Perfect,Double Kill,empty,Elise,Challenger,empty,Sett,카아아아아아아아,Elise,River9,Viego,AASSH,Ezreal,T1 Berserker,Braum,당신은게임을왜함,Lucian,우제우스,Xin Zhao,팡탈리,Karma,T1 M1reu,Kai'Sa,El Matador 7 9,Rakan,DuDu11
5268277859,lose,Ranked Solo,2021-06-18 01:00:36,15m 28s,2,4,2,1.00:1,empty,empty,Xin Zhao,Challenger,empty,Riven,오동1,Xin Zhao,River9,Corki,godlllllub,Kai'Sa,1116660911,Sejuani,데아시두스이어링,Volibear,멍청한 게임,Lee Sin,난 워낙 노빠꾸라,Galio,행복하고싶다하하,Ezreal,Crulser,Leona,번뜩이는 플레이
5268252191,lose,Ranked Solo,2021-06-18 00:38:50,28m 9s,3,5,7,2.00:1,empty,empty,Gragas,Grandmaster,empty,Lee Sin,멍청한 게임,Rumble,존몬터규샌드위치,Viego,남궁성관,Ezreal,T1 Berserker,Braum,chongxinkaishiI,Gwen,우제우스,Gragas,River9,Lucian,나는 준일하다,Samira,it calls echoes,Sett,JeonghoonExecute
5267967925,win,Ranked Solo,2021-06-17 22:46:12,27m 2s,11,5,7,3.60:1,Double Kill,empty,Xin Zhao,Grandmaster,empty,Gwen,윤용호,Xin Zhao,River9,Sylas,KT Ucal,Kalista,New ADC,Alistar,Kimwinter,Viego,남궁성관,Hecarim,a little story,Galio,haoyunbaobel,Varus,BRO Hena,Leona,Gen G Envy
5267971661,lose,Ranked Solo,2021-06-17 22:07:34,15m 16s,1,6,2,0.50:1,ACE,empty,Nidalee,Grandmaster,empty,Jayce,T1 Zeus,Nidalee,River9,Sett,Trisak,Varus,Betty9,Lulu,zzzusss,Nocturne,LSB Pungyeon,Hecarim,Liiv OnFleek,Gwen,lin shu hao,Ezreal,어딘가좀아픈사람,Senna,New ADC
5267841858,win,Ranked Solo,2021-06-17 21:34:33,31m 9s,15,4,15,7.50:1,Double Kill,MVP,Xin Zhao,Grandmaster,empty,Sett,lin shu hao,Diana,누구세요5,Jayce,Gen G Quid,Aphelios,lllllnll,Thresh,Gen G Khael,Karma,펭귄빙산추락,Xin Zhao,River9,Gwen,윤용호,Ezreal,NoBotGameCantWin,Bard,zzzusss
5267716695,lose,Ranked Solo,2021-06-17 20:50:04,19m 13s,5,6,4,1.50:1,ACE,empty,Xin Zhao,Grandmaster,empty,Viego,05프로하고싶어요,Xin Zhao,River9,Akali,윤용호,Jinx,NoBotGameCantWin,Karma,zzzusss,Sett,lin shu hao,Nocturne,누구세요5,Ryze,Gen G Quid,Lee Sin,T1 Zeus,Senna,디아첼
5267333864,win,Ranked Solo,2021-06-17 18:36:39,28m 8s,9,5,5,2.80:1,Triple Kill,empty,Lee Sin,Challenger,empty,Nocturne,Gon123,Lee Sin,River9,Ryze,Gen G Quid,Ezreal,always confident,Ziggs,직스 좀 믿어줘,Gnar,미소의눈동자,Rumble,nthtodo,Sett,DRX Quad,Karthus,   Lay   waste,Senna,심리 건들지마
5267280414,win,Ranked Solo,2021-06-17 17:50:36,19m 44s,7,1,7,14.00:1,Double Kill,MVP,Renekton,Grandmaster,empty,Akali,01 t0p,Ekko,누구세요5,Sett,파나경,Kalista,Permaban10661089,Pyke,큰 바보 ,Jayce,jusaka1,Nidalee,팡탈리,Renekton,River9,Ezreal,Gen G Peyz,Karma,Av0cadoda
5266645460,win,Ranked Solo,2021-06-17 03:30:37,27m 51s,6,1,4,10.00:1,empty,empty,Lee Sin,Grandmaster,empty,Sett,kiwi doctor,Viego,Cliffteezy,Akali,Hide on bush,Galio,szygszn,Senna,kwqejksad,Renekton,zika1,Lee Sin,River9,LeBlanc,쿠자니,Tristana,ginnnneabreak,Rakan,powfu boy
5266613985,win,Ranked Solo,2021-06-17 02:53:29,28m 44s,9,5,17,5.20:1,Triple Kill,empty,Rumble,Grandmaster,empty,Lulu,Untara,Xin Zhao,Cuzzzzzzz,Akali,탓타라타랏타타,Vayne,다들말하네yessir,Thresh,powfu boy,Fiora,sword god14,Rumble,River9,Zed,ZED99,Samira,파나경,Rell,Kimwinter
5266587940,win,Ranked Solo,2021-06-17 02:12:13,28m 59s,6,6,11,2.83:1,empty,empty,Gragas,Grandmaster,empty,Lulu,Untara,Hecarim,데아시두스이어링,LeBlanc,쪼렙이다말로하자,Tristana,happy   game ,Alistar,zxckas0dk,Fiora,sword god14,Gragas,River9,Zed,ZED99,Jinx,어딘가좀아픈사람,Thresh,DuDu11
5266575018,lose,Ranked Solo,2021-06-17 01:38:32,22m 14s,6,4,4,2.50:1,ACE,empty,Xin Zhao,Challenger,empty,Sett,남궁성관,Xin Zhao,River9,Zoe,쪼렙이다말로하자,Draven,구마유시,Karma,haoyunbaobel,Viego,5358123,Lee Sin,Xiaohao9,Orianna,KT Ucal,Kalista,Betty9,Pyke,심리 건들지마
5266512864,win,Ranked Solo,2021-06-17 01:11:02,22m 29s,12,1,3,15.00:1,Double Kill,MVP,Xin Zhao,Challenger,empty,Lucian,LSB Pungyeon,Rumble,누구세요5,Akali,윤용호,Wukong,당신은게임을왜함,Senna,Betty9,Gwen,ao l1 gei,Xin Zhao,River9,Sylas,GGGori,Ezreal,chongxinkaishiI,Leona,1128321
5266434162,lose,Ranked Solo,2021-06-17 00:16:06,18m 16s,6,6,3,1.50:1,Double Kill,ACE,Nocturne,Grandmaster,empty,Jayce,La K game,Nocturne,River9,Sylas,111112222222222,Kog'Maw,kwqejksad,Yuumi,niliuershang,Lee Sin,time or time,Xin Zhao,T1 F0rest,Twisted Fate,검은머리사나이,Tahm Kench,snzll,Senna,항상배고픈코그모
5266215193,win,Ranked Solo,2021-06-16 22:47:35,24m 48s,12,1,6,18.00:1,empty,empty,Nidalee,Challenger,empty,Wukong,huntiandi1,Nidalee,River9,Lucian,GGGori,Samira,BRO A AD,Rakan,Honpi,Gwen,load L92k8UEM6QZ,Kindred,Permaban10555153,Lulu,박치기공룡입니다,Sett,four year,Senna,vaemqrlcxvz
5266049680,win,Ranked Solo,2021-06-16 22:14:17,23m 41s,6,1,5,11.00:1,MVP,empty,Nidalee,Grandmaster,empty,Renekton,tan hua yi xian,Nidalee,River9,Katarina,분신컨트롤,Varus,나는변신할것이다,Karma,FTC,Draven,viperyusi,Udyr,yang zhi bu ou,Akali,vmaw90m09am34,Tristana,어제보단잘하자,Rakan,Honpi
5266111108,lose,Ranked Solo,2021-06-16 21:35:26,18m 36s,0,3,3,1.00:1,ACE,empty,Sett,Grandmaster,empty,Gnar,shamoluotuo,Viego,나는변신할것이다,Zoe,쪼렙이다말로하자,Jhin,RULELESS끝말잇기,Karma,무우오렌지배,Sett,River9,Elise,NT JG  ,Aatrox,jingdaijieshu,Varus,viperyusi,Seraphine,기엽지
5265697717,win,Ranked Solo,2021-06-16 20:28:58,27m 35s,10,6,12,3.67:1,Double Kill,empty,Lee Sin,Grandmaster,empty,Camille,01 t0p,Lee Sin,River9,Katarina,분신컨트롤,Kalista,jusaka1,Neeko,Gen G Khael,Riven,오동1,Karthus,yang zhi bu ou,Lucian,박치기공룡입니다,Draven,viperyusi,Thresh,LSB Utility
5265509120,win,Ranked Solo,2021-06-16 19:00:34,16m 9s,4,0,4,Perfect,empty,empty,Viego,Grandmaster,empty,Lee Sin,하나의 풍경,Viego,River9,Sylas,혜지명1,Tahm Kench,산속의 너구리,Senna,RULELESS끝말잇기,Quinn,살퀸레,Gragas,빈민굴,Lucian,111112222222222,Kalista,kwqejksad,Nautilus,아무무무무무0
5265499925,lose,Ranked Solo,2021-06-16 18:14:03,27m 5s,5,10,7,1.20:1,empty,empty,Rumble,Challenger,empty,Jax,douy crymao,Rumble,River9,Akali,Gen G Quid,Ezreal,always confident,Karma,젤라 귀여워,Nocturne,우제우스,Karthus,   Lay   waste,Sett,박치기공룡입니다,Varus,viper3,Lulu,쪼렙이다말로하자
5265476576,lose,Ranked Solo,2021-06-16 17:37:54,19m 8s,4,3,5,3.00:1,ACE,empty,Lee Sin,Grandmaster,empty,Jax,douy crymao,Nocturne,나는변신할것이다,Viego,DK Pullbae,Taliyah,Spring fIower,Karma,powfu boy,Draven,viperyusi,Lee Sin,River9,Galio,baby chuyi,Kalista,24year,Pyke,큰 바보 
5265434053,lose,Ranked Solo,2021-06-16 17:08:35,17m 51s,4,3,2,2.00:1,ACE,empty,Kindred,Grandmaster,empty,Lee Sin,우제우스,Xin Zhao,s1ow motion,Sylas,혜지명1,Kai'Sa,ytmr,Thresh,GALAXYSIS,Gwen,2724660331349760,Kindred,River9,Galio,baby chuyi,Jinx,146k,Lulu,powfu boy
5265345752,win,Ranked Solo,2021-06-16 16:13:04,25m 42s,2,3,7,3.00:1,empty,empty,Renekton,Grandmaster,empty,Akali,갱붕이,Elise,UMCZZ,Renekton,River9,Kai'Sa,ytmr,Karma,MMR2500,Gangplank,01 t0p,Nidalee,포식자,Sett,혜지명1,Kalista,24year,Pyke,심리 건들지마
5265332411,win,Ranked Solo,2021-06-16 15:41:16,24m 11s,2,7,4,0.86:1,empty,empty,Volibear,Grandmaster,empty,Volibear,River9,Viego,a little story,Akali,식혜커플존버 ,Ezreal,ginnnneabreak,Braum,디아첼,Lee Sin,미소의눈동자,Rumble,Permaban10661334,Sett,난 워낙 노빠꾸라,Kai'Sa,1116660911,Nautilus,11baby
5262593323,win,Ranked Solo,2021-06-14 23:07:33,29m 19s,13,7,6,2.71:1,Triple Kill,empty,Kindred,Grandmaster,empty,Renekton,tan hua yi xian,Kindred,River9,Sylas,111112222222222,Seraphine,snzll,Senna,광팔햄,Jayce,공부하기시러요,Kayn,JustLikeThatKR,Akali,LSB Pungyeon,Varus,Y0UTUBE Axiyo,Karma,LuLu Umi Nami
5262570911,lose,Ranked Solo,2021-06-14 22:25:36,3m 14s,0,0,0,0.00:1,empty,empty,Lee Sin,Challenger,empty,Viego,식혜커플존버 ,Lee Sin,River9,Akali,3213213123,Varus,Permaban10661089,Tahm Kench,LuLu Umi Nami,Sylas,Gon123,Senna,deokdam,LeBlanc,쪼렙이다말로하자,Xin Zhao,Xiaohao9,Wukong,MMR2500
5262243009,win,Ranked Solo,2021-06-14 20:09:54,20m 44s,7,2,9,8.00:1,MVP,empty,Nidalee,Master,empty,Camille,첨담동 주민 ,Nidalee,River9,Viego,mrotszz,Jinx,누가 최고야,Thresh,Resolve,Fiora,2724660331349760,Rumble,못할수도있지 너네는 항상잘하니,Pantheon,잠은허송세월,Jhin,Saebyuck,Janna,니제사밥꼭꼭묵으
5262124998,win,Ranked Solo,2021-06-14 19:15:16,25m 15s,3,4,12,3.75:1,empty,empty,Kindred,Grandmaster,empty,Jayce,FA Decky,Kindred,River9,Galio,행복하고싶다하하,Wukong,zzzusss,Senna,Permaban10661089,Karma,쪼렙이다말로하자,Viego,dlrlftnrkdjqtsp,Azir,zhong men dui ju,Ezreal,Permaban10661333,Rakan,four year
5260814568,win,Ranked Solo,2021-06-13 23:04:00,23m 21s,11,2,12,11.50:1,empty,empty,Lee Sin,Grandmaster,empty,Sett,fashion여쟈,Lee Sin,River9,Twisted Fate,골목대장 태훈이,Kalista,이기고오쉽당,Nautilus,Lucile,Volibear,jingdaijieshu,Karthus,타 잔,Viego,Crulser,Varus,리맴버,Karma,로이갓전용노예
5260733040,lose,Ranked Solo,2021-06-13 22:28:57,39m 11s,7,10,14,2.10:1,empty,empty,Nocturne,Grandmaster,empty,Rumble,KT PerfecT,Lee Sin,의자단을 향해,Akali,Hide on bush,Samira,Permaban10661089,Rakan,powfu boy,Lucian,asdfgasdf,Nocturne,River9,Zoe,쪼렙이다말로하자,Ziggs,직스 좀 믿어줘,Senna,왕 흠
5260664422,win,Ranked Solo,2021-06-13 21:42:31,31m 28s,5,7,7,1.71:1,empty,empty,Lee Sin,Grandmaster,empty,Jayce,asdfgasdf,Ekko,haoye,Lee Sin,River9,Yasuo,크세로,Senna,Let me sup,Gwen,Yorick,Xin Zhao,JustLikeThatKR,Viego,Hide on bush,Ziggs,직스 좀 믿어줘,Sett,powfu boy
5260585509,lose,Ranked Solo,2021-06-13 20:58:29,25m 51s,2,6,9,1.83:1,empty,empty,Twisted Fate,Grandmaster,empty,Viego,출 동,Xin Zhao,FLAGGED 44214526,Twisted Fate,River9,Sett,쉼 없이 나아가라,Senna,로이갓전용노예,Lee Sin,BMX1234,Diana,푹 쉬면서 해요 ,Nocturne,Talk n luv,Ezreal,qwertyuioasd,Maokai,둠심 YouTube
5260428028,win,Ranked Solo,2021-06-13 20:26:21,35m 43s,11,3,10,7.00:1,Double Kill,empty,Zoe,Master,empty,Gwen,Crucile,Lee Sin,스물다섯번째밤,Zoe,River9,Ezreal,아이러니하구만,Sett,2639443051677088,Kennen,khw1,Viego, 엘 림,Lucian,게임을 끄기전에,Kai'Sa,Sup noob gg,Nautilus,질려고게임함
5259917881,win,Ranked Solo,2021-06-13 18:25:49,28m 51s,15,3,12,9.00:1,Double Kill,MVP,Nidalee,Grandmaster,empty,Camille,01 t0p,Nidalee,River9,Pantheon,llIlIlIIlIllIllI,Ezreal,너브내서리풀,Leona,yikemi,Fiora,JSJSJSJSJ,Xin Zhao,mohuado,Akali,C6kamisatoayaka,Kalista,jusaka1,Taliyah,이탈리야 전문점
5259157871,win,Ranked Solo,2021-06-13 06:33:37,30m 2s,3,3,20,7.67:1,empty,empty,Jarvan IV,Grandmaster,empty,Sett,Trisak,Lee Sin,롤듀오 코코팀,Galio,2639446702745024,Varus,Duan er gou,Veigar,꽃들도,Akali,행복했던 겨울,Jarvan IV,River9,Fizz,진재승의 햄버거,Draven,unlucky boy1,Thresh,manmanO
5259134428,win,Normal,2021-06-13 04:52:51,16m 26s,3,5,3,1.20:1,empty,empty,Kog'Maw,empty,empty,Mordekaiser,E0ddn,Lee Sin,엄마손,Ryze,레병어신,Samira,어성캐,Nautilus,Mad Sc1entist,Lucian,2738772746626784,Karthus,can win go game,Sylas,민미니,Kog'Maw,River9,Lulu,쪼꼬맹이 배애교
5259049096,lose,Ranked Solo,2021-06-13 03:48:23,23m 31s,3,7,9,1.71:1,empty,empty,Rumble,Grandmaster,empty,Yone,lIlIIllIlIIllIlI,Rumble,River9,Orianna,LunaLina,Jinx,zaqwsxcdeas,Thresh,q7mm,Lee Sin,zika1,Viego,mnbvcxzs,Akali,C6kamisatoayaka,Tahm Kench,szygszn,Senna,숨바꼭질
5259096085,win,Ranked Solo,2021-06-13 03:20:25,13m 18s,11,0,4,Perfect,Double Kill,MVP,Lee Sin,Grandmaster,empty,Fiora,Shadow Supreme,Lee Sin,River9,Kassadin,LunaLina,Varus,UPzhao641950117,Galio,szygszn,Sylas,gasagao,Volibear,FLAGGED 44214526,Yone,lIlIIllIlIIllIlI,Tristana,Permaban10661089,Rakan,디아첼
5259003406,lose,Ranked Solo,2021-06-13 02:56:50,27m 17s,7,8,11,2.25:1,empty,empty,Kindred,Grandmaster,empty,Gwen,khw1,Kindred,River9,Sett,meiyouganjue,Varus,UPzhao641950117,Taliyah,이탈리야 전문점,Kennen,깨달음을얻은남자,Udyr,Fu4kTheworld,Viktor,gasagao,Ezreal,yusari,Bard,BRO Delight
5258918489,win,Ranked Solo,2021-06-13 02:18:00,15m 26s,10,4,5,3.75:1,Double Kill,empty,Kindred,Grandmaster,empty,Gwen,khw1,Kindred,River9,Katarina,크림몬,Caitlyn,Y0UTUBE Axiyo,Karma,하루평가,Fiora,Shadow Supreme,Rumble,laozishifanpai,Jayce,BZZZIII,Kog'Maw,BRO A AD,Lulu,fuzhu carry
5258924907,lose,Ranked Solo,2021-06-13 01:56:44,15m 12s,2,2,0,1.00:1,ACE,empty,Lee Sin,Challenger,empty,Lee Sin,River9,Viego,Qpdl,Ryze,무지성큐돌리기,Samira,viperyusi,Rell,q7mm,Gwen,Liiv gyuvee,Kindred,IndifferenToT,Sylas,C6kamisatoayaka,Tahm Kench,krole,Senna,숨바꼭질
5258699104,lose,Ranked Solo,2021-06-13 01:34:12,23m 7s,2,8,6,1.00:1,empty,empty,Viego,Grandmaster,empty,Dr. Mundo,언니우기,Lee Sin,Special Card,Akali,BZZZIII,Ezreal,리맴버,Karma,Qpdl,Renekton,sn top,Viego,River9,LeBlanc,C6kamisatoayaka,Tristana,한쿡가고싶어용,Seraphine,장난감 새끼오리
5258642026,lose,Ranked Solo,2021-06-13 01:00:57,25m 29s,4,5,5,1.80:1,empty,empty,Lee Sin,Grandmaster,empty,Dr. Mundo,khw1,Xin Zhao,mohuado,Lux,달빛 여왕 럭스,Kalista,qwertyuioasd,Thresh,Destiny,Kennen,깨달음을얻은남자,Lee Sin,River9,Ryze,바람을 쫓아,Ezreal,굿바이선언v,Leona,BigFour44
5258441638,win,Ranked Solo,2021-06-13 00:21:44,27m 41s,4,6,7,1.83:1,empty,empty,Nocturne,Grandmaster,empty,Jax,tan hua yi xian,Lee Sin,파란머리 메이드 ,Sylas,Liiv gyuvee,Ezreal,Sup noob gg,Karma,fuzhu carry,Wukong,DK Chasy,Nocturne,River9,Akali,Sutkressuree,Kai'Sa,Permaban10661089,Yuumi,rurifangsheng
5258331624,lose,Ranked Solo,2021-06-12 23:31:23,16m 40s,4,4,0,1.00:1,ACE,empty,Rumble,Grandmaster,empty,Riven,Azhy,Rumble,River9,Viego,Gengarnold,Varus,광팔햄,Karma,하루평가,Jayce,Trisak,Diana,mnbvcxzs,Sett,FLAGGED 64391802,Jhin,Betty9,Senna,powfu boy
5257873015,win,Ranked Solo,2021-06-12 20:00:30,27m 13s,11,4,8,4.75:1,Double Kill,empty,Lee Sin,Grandmaster,empty,Sylas,Saturday Mornlng,Lee Sin,River9,LeBlanc,KT R ADC,Kalista,Betty9,Leona,학박댕서엉,Rumble,하루평가,Diana,laozishifanpai,Viego,2598491461805184,Ezreal,whisper snow,Rakan,Honpi
5257768717,win,Ranked Solo,2021-06-12 19:26:32,20m 11s,8,1,10,18.00:1,Double Kill,empty,Lee Sin,Grandmaster,empty,Lulu,조이 탑,Viego,laozishifanpai,Viktor,교고 여신 아리,Varus,woshissm,Leona,Danrenguiiiiiii,Gangplank,노예 31호,Lee Sin,River9,Kassadin,asczxvwswqfc,Kai'Sa,pure1ove,Alistar,NS Yusin
5257724154,lose,Ranked Solo,2021-06-12 18:59:36,22m 3s,3,6,4,1.17:1,empty,empty,Nidalee,Grandmaster,empty,Malphite,하루평가,Nidalee,River9,Talon,우울1,Ezreal,xx7dz,Karma,woshissm,Sylas,snhy,Ekko,shui di si chuan,Lucian,KT PerfecT2,Maokai,four year,Senna,always confident
5256594643,lose,Ranked Solo,2021-06-12 04:21:57,28m 12s,11,8,7,2.25:1,ACE,empty,Viego,Grandmaster,empty,Sett,우승할건데,Xin Zhao,heimanba24,Akali,Zxkkwhy,Varus,KT H4rp,Karma,Secret,Lee Sin,La K game,Viego,River9,Jayce,쑤붕스,Samira,viperyusi,Rakan,BigFour44
5256592776,lose,Ranked Solo,2021-06-12 03:46:03,16m 21s,5,3,0,1.67:1,Triple Kill,ACE,Viego,Challenger,empty,Wukong,쑤붕스,Xin Zhao,Next child,LeBlanc,Yagao,Jinx,Permaban10661089,Braum,Gen G Khael,Volibear,Gen G Rascal,Viego,River9,Katarina,왕 흠,Aphelios,KT 5kld,Thresh,우주방패
5256540783,lose,Ranked Solo,2021-06-12 03:20:42,18m 10s,3,7,4,1.00:1,empty,empty,Rumble,Grandmaster,empty,Urgot,If water,Rumble,River9,Nocturne,Gen G Rascal,Kai'Sa,qwertyuioasd,Pyke,Skyscrapers,Jayce,쑤붕스,Lee Sin,KangTa,Katarina,왕 흠,Yasuo,크세로,Sett,어서이겨라
5256436980,lose,Ranked Solo,2021-06-12 02:46:17,17m 21s,3,6,1,0.67:1,empty,empty,Lee Sin,Grandmaster,empty,Sett,쑤붕스,Lee Sin,River9,Kassadin,왕 흠,Tristana,UPzhao641950117,Rakan,BigFour44,Renekton,BJ갈배,Rumble,wanfeng,Sylas,Sutkressuree,Varus,42141321,Thresh,우주방패
5256470414,win,Ranked Solo,2021-06-12 02:04:25,15m 39s,10,1,7,17.00:1,Double Kill,empty,Lee Sin,Grandmaster,empty,Ezreal,lanlanqqq,Karthus,yang zhi bu ou,Gwen,AF BuLLDoG,Kog'Maw,xiaguang,Lulu,당신은게임을왜함,Jayce,impupupu,Lee Sin,River9,Viktor,111112222222222,Jinx,다들말하네yessir,Thresh,아무무무무무0
5256313720,lose,Ranked Solo,2021-06-12 01:35:19,26m 32s,13,3,4,5.67:1,Double Kill,ACE,Nidalee,Grandmaster,empty,Gwen,khw1,Nidalee,River9,Kalista,lanlanqqq,Karma,krole,Senna,xx7dz,Wukong,load L92k8UEM6QZ,Nocturne,스물다섯번째밤,Ezreal,AF BuLLDoG,Kog'Maw,happy   game ,Lulu,당신은게임을왜함
5256246859,lose,Ranked Solo,2021-06-12 01:02:17,22m 33s,2,6,7,1.50:1,empty,empty,Rumble,Grandmaster,empty,Jax,Yorick,Rumble,River9,Lee Sin,불이너무무서워요,Ezreal,373737373737,Gragas,당신은게임을왜함,Gwen,lin shu hao,Kindred,세상이무섭단말야,Akali,AF BuLLDoG,Jinx,xinren,Thresh,zzzusss
5255597068,win,Ranked Solo,2021-06-11 22:27:09,36m 8s,6,7,22,4.00:1,MVP,empty,Lee Sin,Grandmaster,empty,Fiora,FIORAKlNG,Lee Sin,River9,Orianna,KT Ucal,Kog'Maw,jkjkjkjkk,Lulu,DuDu11,Viego,PandaCCC,Shaco,멘탈잡자으쌰으쌰,Ekko,Xiaohao9,Varus,어딘가좀아픈사람,Nautilus,댕청잇
5255459524,win,Ranked Solo,2021-06-11 21:26:45,14m 38s,7,2,7,7.00:1,empty,empty,Rumble,Grandmaster,empty,Lee Sin,time or time,Diana,의자단을 향해,Sett,Keinee,Tristana,happy   game ,Karma,powfu boy,Viego,KT Ucal,Rumble,River9,Gwen,따봉 람머스,Kai'Sa,포퉁이,Nautilus,LuLu Umi Nami
5255450851,lose,Ranked Solo,2021-06-11 20:47:57,26m 47s,3,11,12,1.36:1,empty,empty,Rumble,Challenger,empty,Lucian,농심 리치,Viego,Next child,Zoe,쪼렙이다말로하자,Kai'Sa,whisper snow,Leona,댕청잇,Irelia,Gen G Burdol,Rumble,River9,Sylas,Yagao,Jinx,Permaban10661089,Braum,LuLu Umi Nami
5255317591,lose,Ranked Solo,2021-06-11 20:13:29,15m 11s,2,3,0,0.67:1,empty,empty,Lee Sin,Challenger,empty,Nocturne,Yorick,Hecarim,Liiv OnFleek,Katarina,분신컨트롤,Varus,구마유시,Yuumi,밤몽길,Lee Sin,River9,Viego,a little story,Galio,GGGori,Jhin,deokdam,Karma,직스 좀 믿어줘
5255278205,lose,Ranked Solo,2021-06-11 19:35:24,35m 49s,5,18,13,1.00:1,empty,empty,Xin Zhao,Grandmaster,empty,Lee Sin,FLAGGED 64391802,Rumble,a little story,Viego,KT Ucal,Kai'Sa,한 여름의 서리,Lulu,밤몽길,Jayce,농심 리치,Xin Zhao,River9,LeBlanc,쪼렙이다말로하자,Kalista,jkjkjkjkk,Rell,rurifangsheng
5255186792,lose,Ranked Solo,2021-06-11 18:00:16,26m 44s,5,5,5,2.00:1,empty,empty,Rumble,Grandmaster,empty,Akali,따봉 람머스,Rumble,River9,Lucian,Liiv Summit,Ezreal,shenzhenshaoye,Nautilus,학박댕서엉,Wukong,time or time,Nidalee,Permaban10555153,Viktor,haoyunbaobel,Tahm Kench,DuDu11,Senna,Permaban10661089
5255171098,win,Ranked Solo,2021-06-11 17:15:42,24m 15s,2,4,7,2.25:1,empty,empty,Lee Sin,Grandmaster,empty,Gnar,ignominious,Viego,a little story,Rumble,불이너무무서워요,Varus,비천 도전자,Galio,LSB Utility,Lee Sin,River9,Nidalee,Permaban10555153,Yasuo,godyaos,Kog'Maw,포퉁이,Lulu,FLAGGED 06795945
5253958076,win,Ranked Solo,2021-06-10 23:38:08,22m 33s,12,3,6,6.00:1,Quadra Kill,empty,Nidalee,Grandmaster,empty,Volibear,이 차가 식기전에,Kindred,1116660911,Rumble,박치기공룡입니다,Caitlyn,hggbexrloo,Thresh,LuLu Umi Nami,Renekton,BJ갈배,Nidalee,River9,Lucian,asdfgasdf,Samira,Permaban10661089,Maokai,둠심 YouTube
5253960750,lose,Ranked Solo,2021-06-10 23:08:13,27m 21s,13,5,7,4.00:1,Double Kill,empty,Rumble,Grandmaster,empty,Riven,Azhy,Ekko,2650730078282944,Zed,불이너무무서워요,Jinx,Permaban10661089,Thresh,Av0cadoda,Viego,asdfgasdf,Rumble,River9,Lucian,load L92k8UEM6QZ,Varus,zxcvkjhzslfsfnsw,Maokai,둠심 YouTube
5253851336,lose,Ranked Solo,2021-06-10 22:28:05,30m 29s,4,9,15,2.11:1,Double Kill,empty,Trundle,Grandmaster,empty,Viego,데아시두스이어링,Rumble,스물다섯번째밤,Katarina,분신컨트롤,Samira,Permaban10661089,Maokai,둠심 YouTube,Jayce,LaP1s,Trundle,River9,Viktor,JustLikeThatKR,Varus,어딘가좀아픈사람,Nautilus,KangTa
5253742394,win,Ranked Solo,2021-06-10 21:31:56,20m 43s,9,2,11,10.00:1,Double Kill,MVP,Lee Sin,Grandmaster,empty,Kled,좀비 클레드,Udyr,T1 Zeus,Viktor,풍식2,Ezreal,너브내서리풀,Taric,KT R SUP,Camille,푹 쉬면서 해요 ,Lee Sin,River9,Sylas,C6kamisatoayaka,Aphelios,hggbexrloo,Fiddlesticks,피들서폿성공적
5253674307,lose,Ranked Solo,2021-06-10 20:50:18,23m 12s,8,5,4,2.40:1,Double Kill,empty,Lee Sin,Grandmaster,empty,Viego,KT PerfecT2,Karthus,yang zhi bu ou,Lee Sin,River9,Kalista,너브내서리풀,Leona,1116660911,Gnar,T1 Zeus,Olaf,700125,Katarina,Emilia tan,Ezreal,어딘가좀아픈사람,Rakan,Dan mu he ton
5253530683,lose,Ranked Solo,2021-06-10 19:11:35,18m 55s,0,8,4,0.50:1,empty,empty,Karma,Grandmaster,empty,Jayce,BZZZIII,Diana,700125,Gwen,ao l1 gei,Kog'Maw,xx7dz,Karma,River9,Hecarim,멍청한 게임,Lee Sin,T1 Oner,LeBlanc,쭌 베,Ezreal,80490523del,Yuumi,nmttd
5252612875,win,Ranked Solo,2021-06-10 05:08:39,20m 17s,11,2,10,10.50:1,MVP,empty,Ezreal,Grandmaster,empty,Viego,우승할건데,Ekko,OxiaofangO,Yone,lIlIIllIlIIllIlI,Ezreal,River9,Leona,PandaCCC,Lee Sin,KT PerfecT2,Kindred,Permaban10642500,Orianna,DRX Quad,Kog'Maw,Permaban10661089,Karma,FLAGGED 64391802
5252671431,win,Ranked Solo,2021-06-10 04:36:39,21m 5s,6,4,12,4.50:1,Double Kill,empty,Lee Sin,Grandmaster,empty,Tryndamere,야만인 왕6974,Lee Sin,River9,Yone,lIlIIllIlIIllIlI,Ziggs,직스 좀 믿어줘,Soraka,YaoBuKeJiDeNi,Quinn,살퀸레,Viego,asdasdsdfv,Sylas,C6kamisatoayaka,Kalista,BM4V,Lulu,pure1ove
5252600437,lose,Ranked Solo,2021-06-10 04:07:02,25m 11s,3,9,10,1.44:1,Double Kill,empty,Jarvan IV,Grandmaster,empty,Jayce,박치기공룡입니다,Rumble,13년생정글러,Lee Sin,1241235115551535,Kalista,El Matador 7 9,Nautilus,아무무무무무0,Irelia,KT Castle,Jarvan IV,River9,Sylas,Gen G Karis,Kai'Sa,pure1ove,Gragas,KT Harp
5252588585,lose,Ranked Solo,2021-06-10 03:21:11,3m 20s,0,0,0,0.00:1,empty,empty,Lucian,Grandmaster,empty,Nocturne,Gon123,Viego,12364213,Rumble, Gen G Bdd,Karthus,   Lay   waste,Senna,manmanO,Akali,A2ST,Ekko,700125,Kog'Maw,모두모두항복하길,Lucian,River9,Karma,szygszn
5252516699,win,Ranked Solo,2021-06-10 03:06:07,25m 24s,10,2,21,15.50:1,Double Kill,MVP,Lee Sin,Grandmaster,empty,Nocturne,Gon123,Lee Sin,River9,Sylas,tulufan,Tristana,happy   game ,Alistar,Secret,Akali,A2ST,Diana,12364213,Kalista, Gen G Bdd,Yasuo,은가뉴,Rakan,szygszn
5252514898,lose,Ranked Solo,2021-06-10 02:33:02,15m 19s,5,6,2,1.17:1,Double Kill,ACE,Lee Sin,Grandmaster,empty,Gnar,농심 리치,Lee Sin,River9,Zoe,canwinnodie1,Kalista,El Matador 7 9,Neeko,심리 건들지마,Nocturne,Gon123,Viego,12364213,Sylas,3213213123,Aphelios,80490523del,Thresh,KT Way
5252561460,win,Ranked Solo,2021-06-10 02:00:18,15m 12s,4,1,9,13.00:1,Double Kill,empty,Lee Sin,Grandmaster,empty,Gwen,Xiaohao9,Lee Sin,River9,Viego,식혜커플존버 ,Jinx,deokdam,Thresh,KT Way,Dr. Mundo,미소의눈동자,Kindred,wu guan feng yue,Sylas,KT Ucal,Ezreal,jkjkjkjkk,Sett,Cuzzzzzzz
5252268304,lose,Ranked Solo,2021-06-09 23:40:45,31m 27s,4,11,6,0.91:1,empty,empty,Sylas,Grandmaster,empty,Volibear,im1v5,Rumble,Qpdl,Lucian,박치기공룡입니다,Kai'Sa,skwhadlrlffo,Leona,szygszn,Renekton,tan hua yi xian,Nocturne,KangTa,Sylas,River9,Kog'Maw,kwqejksad,Lulu,Dan mu he ton
5251998266,win,Ranked Solo,2021-06-09 22:36:37,23m 54s,17,3,9,8.67:1,Triple Kill,empty,Lee Sin,Grandmaster,empty,Gwen,우제우스,Lee Sin,River9,Twisted Fate,Gen G Quid,Ezreal,구마유시,Braum,호잇이,Lulu,1241235115551535,Hecarim,난 워낙 노빠꾸라,Rumble,lIIlIIIIIllIIII,Kalista,Gen G Peyz,Pyke,JeonghoonExecute
5251993833,lose,Ranked Solo,2021-06-09 22:08:03,16m 22s,2,2,0,1.00:1,empty,empty,Lee Sin,Grandmaster,empty,Lee Sin,River9,Karthus,   Lay   waste,Fiora,lin shu hao,Draven,viperyusi,Yuumi,Dan mu he ton,Sett,JeonghoonExecute,Hecarim,데아시두스이어링,Zoe,Mippy,Viego,KT PerfecT2,Senna,KT Way
5251641983,win,Ranked Solo,2021-06-09 21:05:05,20m 41s,1,0,4,Perfect,empty,empty,Renekton,Grandmaster,empty,Gnar,쑤붕스,Diana,mnbvcxzs,Renekton,River9,Samira,viperyusi,Nautilus,학박댕서엉,Lucian,Gen G Quid,Gragas,스물다섯번째밤,Quinn,살퀸레,Kai'Sa,코그머어어머멍,Thresh,UPzhao641950117
5251458758,win,Ranked Solo,2021-06-09 19:35:02,23m 12s,8,3,15,7.67:1,Double Kill,empty,Rumble,Grandmaster,empty,Sett,재훈이의 모함,Lee Sin,jingshen qiang,Orianna,빈민굴,Tristana,powfu boy,Rakan,nmttd,Pantheon,wer wipe,Rumble,River9,Lulu,탑 혜지,Samira,2713016530224800,Leona,옆동산외계인
5251493583,win,Ranked Solo,2021-06-09 19:04:28,32m 35s,2,7,21,3.29:1,empty,empty,Jarvan IV,Grandmaster,empty,Nocturne,Hakunaa Matata,Lee Sin,wu guan feng yue,LeBlanc,C6kamisatoayaka,Karthus,   Lay   waste,Senna,KT Harp,Viego,A2ST,Jarvan IV,River9,Zoe,쪼렙이다말로하자,Aphelios,구마유시,Thresh,호잇이
5250477237,lose,Ranked Solo,2021-06-09 04:48:04,23m 5s,4,6,9,2.17:1,Double Kill,empty,Zac,Grandmaster,empty,Quinn,살퀸레,Zac,River9,Lee Sin,FLAGGED 64391802,Kog'Maw,weuyuhajshdk,Blitzcrank,szygszn,Jayce,T1 Zeus,Nocturne,KangTa,Rumble,오동1,Varus,kwqejksad,Karma,T1 F0rest
5250455584,lose,Ranked Solo,2021-06-09 03:38:29,18m 25s,5,5,2,1.40:1,ACE,empty,Xin Zhao,Master,empty,Vladimir,기억을잃어버림,Xin Zhao,River9,Yone,KT R MID,Aphelios,Gon1234,Thresh,Rhythm5,Nasus,갱붕이,Kindred,asdasdafasf0802,Azir,xielaoban,Kog'Maw,weuyuhajshdk,Lulu,한영원
5250462651,lose,Ranked Solo,2021-06-09 03:11:22,20m 41s,1,7,4,0.71:1,empty,empty,Viego,Grandmaster,empty,Akali,A2ST,Viego,River9,Lulu,쪼렙이다말로하자,Vayne,AF Le5,Karma,Lehends,Sylas,dlrlftnrkdjqtsp,Rumble,Cliffteezy,Lee Sin,식혜커플존버 ,Ezreal,jkjkjkjkk,Rakan,zxckas0dk
5249997069,lose,Ranked Solo,2021-06-08 22:54:06,18m 37s,6,4,3,2.25:1,empty,empty,Rumble,Grandmaster,empty,Gwen,kuyami,Kindred,늪에 빠지다1,Zoe,2639446702745024,Ezreal,whisper snow,Braum,리그오브레전드ll,Sett,세마리 강아지,Rumble,River9,Yasuo,DK Pullbae,Aphelios,GoIden Bell,Nautilus,새우초밥계란초밥
5249968878,lose,Ranked Solo,2021-06-08 22:28:54,22m 15s,6,4,3,2.25:1,ACE,empty,Ekko,Grandmaster,empty,Jax,고생했다 이현666,Ekko,River9,Sett,langmanbusi,Jhin,원딜은무기력하다,Lux,shui men,Gragas,세마리 강아지,Viego,IndifferenToT,LeBlanc,snhy,Kai'Sa,Gen G Envy,Karma,Let me sup
5249932532,win,Ranked Solo,2021-06-08 21:52:10,22m 17s,10,3,8,6.00:1,Quadra Kill,empty,Rumble,Grandmaster,empty,Malphite,llllllllIIlIlIII,Rumble,River9,Lucian,111112222222222,Kalista,KT 5kld,Nautilus,shui men,Sett,의자단을 향해,Nidalee,IndifferenToT,Jax,고생했다 이현666,Ezreal,MMR2500,Alistar,아무무무무무0
5249568734,win,Ranked Solo,2021-06-08 19:14:25,23m 2s,11,5,9,4.00:1,Double Kill,empty,Xin Zhao,Grandmaster,empty,Wukong,asdfgasdf,Viego,의자단을 향해,Akali,좋은 섕각,Kai'Sa,미드로전직변경,Leona,awsdrfgyhjik,Vayne,Gon123,Xin Zhao,River9,Karma,펭귄빙산추락,Ezreal,어딘가좀아픈사람,Senna,3donghezecaoxian
5248774335,win,Ranked Solo,2021-06-08 04:00:53,24m 28s,13,2,17,15.00:1,Double Kill,MVP,Lee Sin,Grandmaster,empty,Gwen,Gon123,Lee Sin,River9,Sylas,i am Decade,Draven,chongxinkaishiI,Thresh,powfu boy,Renekton,KT Dove,Udyr,asdasdsdfv,Akali,오뚜기3분미트볼,Ezreal,이기고오쉽당,Yuumi,q7mm
5236366320,lose,ARAM,2021-06-02 13:51:39,17m 50s,5,12,25,2.50:1,Double Kill,empty,Xayah,empty,empty,Master Yi,Icelandwinter,Senna,동마룽,Qiyana,엄잉국,Zed,삔 아,Xayah,River9,Cho'Gath,느구서장,Lee Sin,FingFing2,Varus,잘뭇D,Viktor,lllIIIllIlIIll,Riven,wwvwvvwv
5236364286,lose,ARAM,2021-06-02 13:27:58,17m 31s,13,15,15,1.87:1,Triple Kill,empty,Irelia,empty,empty,Jhin,Icelandwinter,Miss Fortune,동마룽,Jayce,삔 아,Irelia,River9,Maokai,화 찰,Camille,풀벌레,Xayah,스팸에흰쌀밥,Vi,happy suicide ,Tahm Kench,차단기,Karma,연습은 언제하니
5234841502,win,Normal,2021-06-01 16:55:15,30m 4s,35,6,6,6.83:1,Penta Kill,MVP,Samira,empty,empty,Lulu,20230201 전역,Taliyah,ptttt,Yasuo,복 족,Samira,River9,Thresh,Icelandwinter,Darius,dfknfn11111,Viego,용기로운,Lucian,아니재욱아,Ezreal,kolde ,Lulu,2Seolha
5234728311,win,Normal,2021-06-01 16:17:20,24m 13s,8,7,9,2.43:1,Double Kill,empty,Qiyana,empty,empty,Ornn,돼진영사냥꾼재환,Rumble,zyzykzkz,Zed,Story and me,Jinx,Bait n Switch,Thresh,기다려끌어다줄게,Sylas,일 흠,Poppy,Icelandwinter,Qiyana,River9,Jinx,ptttt,Bard,20230201 전역
5234189398,lose,Ranked Solo,2021-06-01 02:05:10,17m 27s,3,6,6,1.50:1,ACE,empty,Olaf,Grandmaster,empty,Lucian,설레임쪼아,Olaf,River9,Rumble,미북이,Jinx,Gon1234,Thresh,곽곽보성,Sett,좋은 섕각,Fiddlesticks,테 디 스 틱,Aatrox,Netify,Kai'Sa,굿바이선언v,Nautilus,rurifangsheng
5234184766,win,Ranked Solo,2021-06-01 01:30:33,23m 57s,9,3,10,6.33:1,Double Kill,MVP,Lee Sin,Grandmaster,empty,Renekton,KT Dove,Lee Sin,River9,Rumble,kiwi doctor,Ezreal,Gen G Envy,Karma,zzzusss,Fiora,sword god14,Karthus,   Lay   waste,Zoe,dfgsfsdas,Samira,xiaguang,Nautilus,BRO Delight
5234151124,win,Ranked Solo,2021-06-01 01:01:07,25m 36s,3,7,7,1.43:1,empty,empty,Kindred,Grandmaster,empty,Sylas,xytn,Kayn,asdasdsdfv,Volibear, Gen G Bdd,Kai'Sa,시비르 원챔1,Sett,Liiv Effort,Kennen,깨달음을얻은남자,Kindred,River9,Viego,Yagao,Kog'Maw,bao1,Lulu,아현누나 이쁘다
5233994974,win,Ranked Solo,2021-06-01 00:18:07,20m 35s,6,3,7,4.33:1,Double Kill,empty,Udyr,Grandmaster,empty,Renekton,T1 M1reu,Udyr,River9,Jayce,KT Dove,Ezreal,vaemqrlcxvz,Rell,crycrystal,Aatrox,FA Decky,Graves,예 쁘 면 돼,Ryze,qpalzmwoaj,Jinx,T1 Berserker,Thresh,yikemi
5233842977,win,Ranked Solo,2021-05-31 23:28:32,28m 16s,11,5,18,5.80:1,Double Kill,empty,Rumble,Grandmaster,empty,Gwen,fashion여자,Udyr,Gen G Clid,Sett,im1v5,Jinx,jkjkjkjkk,Lulu,ginnnneabreak,Renekton,남궁성관,Rumble,River9,Qiyana,shuoIezaijian,Kai'Sa,deokdam,Pyke,Kimwinter
5233666571,win,Ranked Solo,2021-05-31 22:47:18,16m 15s,2,0,5,Perfect,empty,empty,Lee Sin,Grandmaster,empty,Volibear,load CxRCW2mKSIG,Lee Sin,River9,Kassadin,LunaLina,Samira,Gen G Envy,Rell,2706926766229408,Sett,time or time,Rek'Sai,bxvc,Zoe,쭌 베,Ezreal,xx7dz,Leona,woshissm
5233489778,lose,Ranked Solo,2021-05-31 22:16:53,24m 3s,7,6,5,2.00:1,empty,empty,Taliyah,Grandmaster,empty,Gnar,AASSH,Graves,Qpdl,Sylas,dfgsfsdas,Sett,심리 건들지마,Senna,wyzyz,Jayce,bie mo wo,Taliyah,River9,Renekton,쭌 베,Ezreal,yusari,Maokai,둠심 YouTube
5233476840,lose,Ranked Solo,2021-05-31 21:20:11,25m 34s,3,6,5,1.33:1,empty,empty,Graves,Grandmaster,empty,Jayce,Gon123,Lee Sin,Next child,Karma,펭귄빙산추락,Kindred,아라드,Thresh,Shadow Nia,Sett,time or time,Graves,River9,Zoe,3213213123,Aphelios,waste time,Nautilus,DWG BeryL
5233197997,win,Ranked Solo,2021-05-31 19:08:54,27m 28s,21,1,9,30.00:1,Triple Kill,MVP,Lee Sin,Master,empty,Cho'Gath,Dream LOL,Zac,lIlIIIIlllIIlII,Sett,BRO Loopy,Tristana,Iov won,Alistar,o0o TnT o0o,Renekton,Chengnianren,Lee Sin,River9,Sylas,지연이바라기,Samira,zxcsazxcazdz,Gragas,Secret
5232412114,lose,ARAM,2021-05-31 06:31:00,24m 37s,11,15,23,2.27:1,Double Kill,empty,Ryze,empty,empty,Shaco,돈까스먹을래용,Nami,LukArin,Zed,호이호잉,Ashe,악 치 님,Jinx,쫑 이 님,Ahri,자취하는공돌이,Malphite,골댕댕,Thresh,솜냥아,Vayne,피즈 조이,Ryze,River9
5231719449,lose,Nexus Blitz,2021-05-30 21:42:57,10m 49s,1,3,5,2.00:1,empty,empty,Lucian,empty,empty,Irelia,소중히해줘,Diana,ptttt,Pyke,DarkCatechu,Graves,삔 아,Lucian,River9,Caitlyn,미카엘의 도구니,Yone,OWNinher,Vayne,천상천하탑아독존,Aatrox,첫 킬,Mordekaiser,20대머통령홍준표
5231713477,win,Ranked Solo,2021-05-30 21:25:28,16m 6s,6,0,6,Perfect,empty,empty,Gragas,Master,empty,Renekton,Slowly Song,Gragas,River9,Yasuo,vhtmzjgnszldwl,Varus,Gen G Dice,Nautilus,TOSXD,Vladimir,역버프하면져야지,Kha'Zix,never mistake,Qiyana,2699728262784192,Ezreal,도구야 가지마,Leona,Quiero ganar
5231651680,win,Ranked Solo,2021-05-30 20:41:53,20m 13s,6,1,12,18.00:1,Double Kill,empty,Lee Sin,Master,empty,Gwen,gonna be my love,Lee Sin,River9,Ryze,load CxRCW2mKSIG,Ezreal,subconsc1ousan,Nautilus,라 코,Fiora,qidaoxingtop,Graves,정글 사용법12,Akali,Slowly Song,Kai'Sa,Gen G Dice,Sett,TOSXD
5231474135,lose,Ranked Solo,2021-05-30 20:10:37,27m 2s,1,7,6,1.00:1,empty,empty,Hecarim,Master,empty,Kennen,gonna be my love,Kha'Zix,never mistake,Orianna,canwinnodie1,Ezreal,아이러니하구만,Leona,DWG BeryL,Maokai,전민혁,Hecarim,River9,Akali,Slowly Song,Jinx,Gen G Dice,Tahm Kench,TOSXD
5231288713,lose,Ranked Solo,2021-05-30 19:36:35,15m 38s,1,8,5,0.75:1,empty,empty,Xin Zhao,Master,empty,Lucian,Slowly Song,Ekko,JustLikeThatKR,Wukong,load CxRCW2mKSIG,Kog'Maw,Permaban10661089,Morgana,nmttd,Mordekaiser,gonna be my love,Xin Zhao,River9,Ezreal,MyWorld isEnding,Kai'Sa,cer,Leona,DWG BeryL
5229889210,win,ARAM,2021-05-30 04:25:43,13m 53s,6,9,20,2.89:1,empty,empty,Singed,empty,empty,Maokai,리 상 현,Janna,can win go game,Singed,River9,Graves,lofi love,Miss Fortune,우영아잘좀하자,Sylas,ExrioN,Master Yi,룰라쨩,Kayn,Ban Joon,Jinx,트루아이,Rumble,물 어
5228921381,win,Ranked Solo,2021-05-29 20:26:41,18m 59s,5,1,6,11.00:1,Double Kill,empty,Braum,Grandmaster,empty,Jayce,tan hua yi xian,Ekko,안타까운 세상,Sylas,HLE Willer,Samira,subconsciousan,Rakan,밤몽길,Tryndamere,Gengarnold,Diana,Cliffteezy,Viego,식혜커플존버 ,Ezreal,Gen G Envy,Braum,River9
5228673127,win,Ranked Solo,2021-05-29 19:50:23,24m 56s,5,5,7,2.40:1,empty,empty,Viego,Master,empty,Tryndamere,야만인 왕6974,Lee Sin,의자단을 향해,Sylas,bwdchzb,Karma,Gen G Dice,Senna,TOSXD,Lucian,백색말처럼,Viego,River9,Rumble,설레임쪼아,Ezreal,NS vital,Taliyah,이탈리야 전문점
5228418126,win,Ranked Solo,2021-05-29 19:11:09,16m 55s,8,1,12,20.00:1,Double Kill,MVP,Hecarim,Grandmaster,empty,Kennen,갱붕이,Hecarim,River9,Zoe,Gen G Quid,Jinx,Gen G Envy,Thresh,재훈이의 모함,Fiora,sword god14,Rumble,부산여행 떠나기,Ryze,C6kamisatoayaka,Jhin,구마유시,Zyra,MMR2500
5228451162,lose,Ranked Solo,2021-05-29 18:33:10,15m 31s,3,4,3,1.50:1,empty,empty,Lee Sin,Master,empty,Yone,DK ShowMaker,Kha'Zix,never mistake,Sylas,아크샨밴의 신,Jinx,Gen G Dice,Thresh,TOSXD,Renekton,농심 리치,Lee Sin,River9,Viktor,fashion여자,Ezreal,viper3,Janna,Dan mu he ton
5228316606,lose,Ranked Solo,2021-05-29 18:13:17,22m 55s,6,6,5,1.83:1,Double Kill,ACE,Kindred,Grandmaster,empty,Lee Sin,멍청한 게임,Xin Zhao,nthtodo,Karma,펭귄빙산추락,Samira,묵향 나는 공간,Rakan,전서방 닭갈비,Sett,kiwi doctor,Kindred,River9,Ryze,C6kamisatoayaka,Kai'Sa,소년가장 원딜,Gragas,심리 건들지마
5226263933,lose,ARAM,2021-05-28 20:35:39,15m 17s,6,11,14,1.82:1,empty,empty,Miss Fortune,empty,empty,Rengar,냥 혁,Jhin,소중히해줘,LeBlanc,ptttt,Miss Fortune,River9,Lulu,화 찰,Xerath,완수야죽지마,Sett,등운동하러가자,Alistar,나는너무힘들어,Samira,3일용경쟁게임,Yuumi,먹고싶은거말만해
5224618228,win,ARAM,2021-05-28 00:25:10,21m 39s,20,9,24,4.89:1,Triple Kill,empty,Aphelios,empty,empty,Shyvana,양 로,Poppy,츄 스,Shaco,슬기로운 현철잉,Pyke,찌꺽스,Caitlyn,Fursona,Qiyana,피즈 조이,Aphelios,River9,Fizz,yoasori,Veigar,닭갈비에치즈토핑,Diana,도지에물린남자
5224623917,win,ARAM,2021-05-27 23:53:32,13m 1s,1,4,18,4.75:1,empty,empty,Xerath,empty,empty,Riven,Icelandwinter,Graves,왕따왕따,Nami,슈우우웅,Xerath,River9,Vladimir,숭 이,Xayah,Ruminate,Caitlyn,HardyOrange,Shaco,정글연습합니,Azir,7H0l득,Trundle,빡겜유저김겐지
5224630282,lose,ARAM,2021-05-27 23:36:21,14m 5s,4,13,12,1.23:1,empty,empty,Yasuo,empty,empty,Ashe,Icelandwinter,Wukong,왕따왕따,Sett,슈우우웅,Yasuo,River9,Diana,숭 이,Rengar,금정구청,Nidalee,Neko on Cat,Jhin,세레니티s,Ahri,어 거기 박스임,Tryndamere,누난 내 허리케인
